publishTime,instrumentNumber,instrumentSchemeLabel,instrumentSchemeUrn,bgq,instrumentName,instrumentSurveyFreq,pointercounts,bsItemUrn,statTabNumber,Id,time,taskId,category,groupItemUrn,urn:ddi:10000887:7ffd4b9f-49fb-4622-adf0-e8b2ef403b5b:1,urn:ddi:10000887:dd4c3a89-b454-4017-ad4b-6893b95382f7:1,urn:ddi:10000887:a5c0195e-6b1a-4ccb-acf4-cd469ac49308:1,urn:ddi:10000887:c19e73f4-72cc-474c-9b47-923679172525:1,urn:ddi:10000681:632b4977-b1c5-4b4b-a2a5-9938a8b19c9d:1,urn:ddi:10000681:93cfbf4d-c23a-4741-8c22-a1e0e2298b1e:1
2025-04-02,D-1-11-03,运输邮电业统计报表制度,urn:ddi:ZJJCKSTAT:e43c7344-9ced-4200-8e95-d30088653aa3:1,20230000,浙江省民用车辆拥有量,8,276,urn:ddi:10000681:9e67a320-91b6-47b6-8b0d-836a2938e819:1,D-1-11-03,67ec89b45a413a6e12b37398,2025-04-02,df7d93084ca04e0195df53e532c16df5,交通邮电,,,,,,,
2025-03-21,D-1-11-10,运输邮电业统计报表制度,urn:ddi:ZJJCKSTAT:e43c7344-9ced-4200-8e95-d30088653aa3:1,20230000,浙江省互联网主要指标发展情况,8,39,urn:ddi:10000681:fde16aff-d6c4-4015-b56b-86ceb9204132:1,D-1-11-10,67dcda15df5f66658a885b70,2025-03-21,e490c7a5fe4145c7828e429f97e1d5ec,交通邮电,,,,,,,
2025-03-21,D-1-11-11,运输邮电业统计报表制度,urn:ddi:ZJJCKSTAT:e43c7344-9ced-4200-8e95-d30088653aa3:1,20230000,浙江省按地区分互联网主要指标发展情况,8,86,urn:ddi:10000681:f6296c14-f8a1-4ace-8f91-d8ea0def3ba9:1,D-1-11-11,67dcd4c0df5f66658a885ae7,2025-03-21,34aff89a508049b0ae0b0a7e21fabed1,交通邮电,,,,,,,
2025-03-21,D-1-11-12,运输邮电业统计报表制度,urn:ddi:ZJJCKSTAT:e43c7344-9ced-4200-8e95-d30088653aa3:1,20230000,浙江省按行业分信息通信技术应用和数字化转型情况,8,65,urn:ddi:10000681:d8520725-e62e-45cb-8305-3de4ef1eb010:1,D-1-11-12,67dcd44fdf5f66658a885ae1,2025-03-21,dc73eaf4b0844617abb844a258f4193c,交通邮电,,,,,,,
2025-03-21,D-1-11-13,运输邮电业统计报表制度,urn:ddi:ZJJCKSTAT:e43c7344-9ced-4200-8e95-d30088653aa3:1,20230000,浙江省按地区分信息通信技术应用和数字化转型情况,8,70,urn:ddi:10000681:2d5ddaf8-7abe-418d-9694-3b775fc1b7ba:1,D-1-11-13,67dcd3dddf5f66658a885ad6,2025-03-21,9ea58d98623a4d91bc760b0e51d45322,交通邮电,,,,,,,
2025-03-20,D-1-11-08,运输邮电业统计报表制度,urn:ddi:ZJJCKSTAT:e43c7344-9ced-4200-8e95-d30088653aa3:1,20230000,浙江省水路运输工具年末实有数,8,,urn:ddi:10000681:f58168c0-24d4-4659-bfc2-0c147965efb8:1,D-1-11-08,67dbad07df5f66658a8858f2,2025-03-20,6af0e1b91541489489992e79692c7308,交通邮电,,,,,,,
2025-03-18,D-1-11-09,运输邮电业统计报表制度,urn:ddi:ZJJCKSTAT:e43c7344-9ced-4200-8e95-d30088653aa3:1,20230000,浙江省邮电企业主要指标,8,36,urn:ddi:10000681:9445debf-33e4-4cce-8dde-cbcaa7525332:1,D-1-11-09,67d8be185a413aac4225ce81,2025-03-18,b8d985a7edc349acb1ab0b5dfc6846c8,交通邮电,,,,,,,
2024-12-30,D-1-11-07,运输邮电业统计报表制度,urn:ddi:ZJJCKSTAT:e43c7344-9ced-4200-8e95-d30088653aa3:1,20230000,浙江省邮电通信水平,8,,urn:ddi:10000681:167d30ad-ed1d-4cfc-b1a1-afbeab9f9de1:1,D-1-11-07,676e5c73df5f66e70b5ed00c,2024-12-27,abe369b022ad4bad8e003a9ad79f30ce,交通邮电,,,,,,,
2024-12-30,D-1-11-05,运输邮电业统计报表制度,urn:ddi:ZJJCKSTAT:e43c7344-9ced-4200-8e95-d30088653aa3:1,20230000,浙江省货运量和货物周转量,8,,urn:ddi:ZJJCKSTAT:f58ce311-5b11-44a2-88cf-a7d566d28065:1,D-1-11-05,676e5be1df5f66e70b5ed009,2024-12-27,6875bb3691914e1c8256ddeaec310f6a,交通邮电,,,,,,,
2024-12-30,D-1-11-04,运输邮电业统计报表制度,urn:ddi:ZJJCKSTAT:e43c7344-9ced-4200-8e95-d30088653aa3:1,20230000,浙江省客运量和旅客周转量,8,,urn:ddi:ZJJCKSTAT:bfb2daf7-58fb-4bb8-9930-940883dadc40:1,D-1-11-04,676e5bd5df5f66e70b5ed008,2024-12-27,f3172c80f02b4c7eb95fa3f3bc178fa5,交通邮电,,,,,,,
2025-08-26,R-1-02-05,人口变动情况抽样调查方案,urn:ddi:ZJJCKSTAT:faa14f43-6a30-4b08-8983-d7bf16970bec:1,20230000,浙江省各市县区常住人口及城镇化率,8,559,urn:ddi:10000681:170dedec-1427-4d75-a50a-f416c9965ed1:1,R-1-02-05,68acfd9a5a413a589b60d570,2025-08-26,cdeef3b4807146e7a3a2c0ee217c958b,人口,,,,,,,
2024-12-30,R-1-02-09,人口变动情况抽样调查方案,urn:ddi:ZJJCKSTAT:faa14f43-6a30-4b08-8983-d7bf16970bec:1,20230000,浙江省各市人口自然变动情况,8,505,urn:ddi:10000681:c19abc7c-2fda-4698-9133-f00b408e7037:1,R-1-02-09,6771fd7cdf5f66e70b5ed13b,2024-12-30,ce2db7999aa7443ca4c50ec948cfbfe9,人口,,,,,,,
2024-12-30,R-1-02-08,人口变动情况抽样调查方案,urn:ddi:ZJJCKSTAT:faa14f43-6a30-4b08-8983-d7bf16970bec:1,20230000,浙江省各市、县户籍人口年龄构成（年底数）,8,565,urn:ddi:10000887:6930e891-4115-4275-b0b5-04546d9d53d1:1,R-1-02-08,6771fc44df5f66e70b5ed139,2024-12-30,40ec71309b7b4f469d8f6435ee767a0c,人口,,,,,,,
2024-12-30,R-1-02-07,人口变动情况抽样调查方案,urn:ddi:ZJJCKSTAT:faa14f43-6a30-4b08-8983-d7bf16970bec:1,20230000,浙江省各市、县总户数和总人口数（年底数）,8,321,urn:ddi:10000681:fb30294b-d3fe-4669-a76c-945ca9f393d9:1,R-1-02-07,6771fa61df5f66e70b5ed134,2024-12-30,3cb79da42c324287b52e95f4673c6c50,人口,,,,,,,
2024-12-30,R-1-02-06,人口变动情况抽样调查方案,urn:ddi:ZJJCKSTAT:faa14f43-6a30-4b08-8983-d7bf16970bec:1,20230000,浙江省历年总户数和总人口数(年底数),8,178,urn:ddi:10000681:098dfdb1-3522-4526-97e6-3971385669be:1,R-1-02-06,6771fa14df5f66e70b5ed133,2024-12-30,9a4f0033ca5d4e1f8087578c0281280c,人口,,,,,,,
2024-12-24,R-1-02-02,人口变动情况抽样调查方案,urn:ddi:ZJJCKSTAT:faa14f43-6a30-4b08-8983-d7bf16970bec:1,20230000,浙江省人口自然变动情况,8,201,urn:ddi:ZJJCKSTAT:8c192891-5c52-4913-8869-91351701fbfc:1,R-1-02-02,6769a4125a413afce8696e3a,2024-12-24,e7a1a6dfeca54c1b91e5a3e0c358dbc6,人口,,,,,,,
2024-12-16,HG-01-03,宏观经济数据模块,urn:ddi:10000681:9050d186-81e3-415c-9fd1-dcaca0714a86:1,20230000,人口数,8,579,urn:ddi:10000681:6c3a44ea-1247-45de-9adf-f8098422e255:1,HG-01-03,675f2c735a413afce86959c2,2024-12-16,9c61fec83edf4fe3bf845d35f7234be0,人口,,,,,,,
2024-12-16,R-1-02-04,人口变动情况抽样调查方案,urn:ddi:ZJJCKSTAT:faa14f43-6a30-4b08-8983-d7bf16970bec:1,20230000,浙江省分地区人口的城乡构成,8,301,urn:ddi:ZJJCKSTAT:6149d249-5411-447c-ac7b-18916e1ea5b6:1,R-1-02-04,675f29435a413afce86959c0,2024-12-16,5b3b2d6b16ea419b8ffc9a4814b4ed5a,人口,,,,,,,
2024-12-16,R-1-02-03,人口变动情况抽样调查方案,urn:ddi:ZJJCKSTAT:faa14f43-6a30-4b08-8983-d7bf16970bec:1,20230000,浙江省分地区人口数和出生率、死亡率、自然增长率,8,278,urn:ddi:ZJJCKSTAT:e715ecc5-506b-4d18-8f6c-3010324235a8:1,R-1-02-03,675f292d5a413afce86959bf,2024-12-16,c052bd5273dc451983a02e76c019abe6,人口,,,,,,,
2024-12-16,R-1-02-01,人口变动情况抽样调查方案,urn:ddi:ZJJCKSTAT:faa14f43-6a30-4b08-8983-d7bf16970bec:1,20230000,浙江省人口数及构成,8,417,urn:ddi:ZJJCKSTAT:9385a73f-8fb6-4d02-b1e1-2b45b522ed77:1,R-1-02-01,675f28585a413afce86959bd,2024-12-16,d4b7023b119f43df85933ad255231efc,人口,,,,,,,
2025-03-20,V-1-12-09,数据库加载（外）,urn:ddi:ZJJCKSTAT:98ecda28-9642-4d05-8e17-a640c9b390ff:1,20230000,浙江省分月消费价格指数,8,69,urn:ddi:10000887:3ecd5974-b59f-4108-9d9f-7b944b5bf66b:1,V-1-12-09,67dbbc05df5f66658a885995,2025-03-20,cbc9ae34d18b4702bed70bdd6c90421d,价格,,,,,,,
2025-03-20,V-1-12-07,数据库加载（外）,urn:ddi:ZJJCKSTAT:98ecda28-9642-4d05-8e17-a640c9b390ff:1,20230000,浙江省各种价格总指数（上年=100）,8,58,urn:ddi:10000887:c53d7804-8b38-41d7-a529-cb8e107a7c16:1,V-1-12-07,67dbbb8edf5f66658a88598f,2025-03-20,ca0f405df750415faec6c583c05c910f,价格,,,,,,,
2025-03-20,V-1-12-02,数据库加载（外）,urn:ddi:ZJJCKSTAT:98ecda28-9642-4d05-8e17-a640c9b390ff:1,20230000,浙江省各市、县居民消费价格指数,8,,urn:ddi:10000887:9fabf6b4-c946-4f01-90bf-f46b3725b7b9:1,V-1-12-02,67dbb7e2df5f66658a88595f,2025-03-20,235f8d191a7c4cb28b6576528e9da3bb,价格,,,,,,,
2025-03-18,V-1-12-01,数据库加载（外）,urn:ddi:ZJJCKSTAT:98ecda28-9642-4d05-8e17-a640c9b390ff:1,20230000,浙江省城乡居民消费价格分类指数,8,35,urn:ddi:10000887:0ca7840d-e9e7-42bb-8829-74067dabb289:1,V-1-12-01,67d8bfb85a413aac4225cebe,2025-03-18,b3b1d008083d41958b155c1310dfcf21,价格,,,,,,,
2025-04-21,V-1-12-33,数据库加载（外）,urn:ddi:ZJJCKSTAT:98ecda28-9642-4d05-8e17-a640c9b390ff:1,20230000,浙江省工业生产者出厂价格指数,8,18,urn:ddi:10000887:15841e7b-83c8-4d18-a3c5-1dcf4608d48c:1,V-1-12-33,676b08445a413afce869746c,2024-12-25,bee365a71237452b9c52793e9e897abb,价格,,,,,,,
2024-12-30,V-1-12-08,数据库加载（外）,urn:ddi:ZJJCKSTAT:98ecda28-9642-4d05-8e17-a640c9b390ff:1,20230000,浙江省居民消费定基价格指数,8,,urn:ddi:10000887:30c95f21-4302-465e-9e3d-bba972efd2db:1,V-1-12-08,676b081f5a413afce869746a,2024-12-25,71a8c2d494644cdb998a8c85f897f477,价格,,,,,,,
2024-12-30,V-1-12-38,数据库加载（外）,urn:ddi:ZJJCKSTAT:98ecda28-9642-4d05-8e17-a640c9b390ff:1,20230000,浙江省居民消费和商品零售价格指数（1985年=100）,8,,urn:ddi:ZJJCKSTAT:8749cb05-9253-4036-b0b7-cedd7a258b92:1,V-1-12-38,676b080b5a413afce8697463,2024-12-25,671ad17fefdf41879b30df13d4d47639,价格,,,,,,,
2024-12-30,V-1-12-32,数据库加载（外）,urn:ddi:ZJJCKSTAT:98ecda28-9642-4d05-8e17-a640c9b390ff:1,20230000,浙江省工业生产者购进价格分类指数,8,,urn:ddi:ZJJCKSTAT:a7b442b2-bd0f-474a-ba26-2d4cc1e804b0:1,V-1-12-32,676b07b35a413afce8697460,2024-12-25,b6b0dfd37b20456eb63423a703f2ecfc,价格,,,,,,,
2024-12-30,V-1-12-34,数据库加载（外）,urn:ddi:ZJJCKSTAT:98ecda28-9642-4d05-8e17-a640c9b390ff:1,20230000,浙江省按行业分的工业生产者出厂价格指数,8,9,urn:ddi:10000887:745c6907-def2-4c74-aeee-70d61aa26c9a:1,V-1-12-34,676b07a15a413afce869745d,2024-12-25,5d7084bc5702487fa7ddf232db1ed31a,价格,,,,,,,
2025-04-21,V-1-12-34,数据库加载（外）,urn:ddi:ZJJCKSTAT:98ecda28-9642-4d05-8e17-a640c9b390ff:1,20220000,浙江省按行业分的工业生产者出厂价格指数,8,,urn:ddi:10000887:745c6907-def2-4c74-aeee-70d61aa26c9a:1,V-1-12-34,6805e6d2df5f66d795879629,2025-04-21,5cc105b207f348e38563cc749fcc33db,价格,,,,,,,
2025-04-02,K-1-26-10,社会参与,urn:ddi:ZJJCKSTAT:6f3b3563-ba79-4cd0-898b-a16f67f3cbdb:1,20230000,浙江省工会、妇联工作情况,8,27,urn:ddi:10000681:8bd6a30c-4ed1-4483-a6b7-d15688e2ca2d:1,K-1-26-10,67c7f5b3df5f66658a885709,2025-03-05,b5b1e3fa22514d9e9b62cc54946c8d03,其他社会活动,,,,,,,
2024-12-31,K-1-26-02,民政,urn:ddi:ZJJCKSTAT:d174a37f-b80b-4cc7-86b0-eec86ccad429:1,20230000,浙江省享受国家抚恤、补助人员情况,8,,urn:ddi:10000681:50009dfd-d990-49c2-bae5-d1028db57966:1,K-1-26-02,6758fdb5df5f66e70b5ea7ff,2024-12-11,65542b196ebb41dfbe0c978c83f299e5,其他社会活动,,,,,,,
2024-12-31,K-1-26-04,民政,urn:ddi:ZJJCKSTAT:d174a37f-b80b-4cc7-86b0-eec86ccad429:1,20230000,浙江省内地居民婚姻登记情况,8,2,urn:ddi:ZJJCKSTAT:4daa77d0-2538-44c8-bc68-ebbb00534bb8:1,K-1-26-04,6758f91adf5f66e70b5ea7fe,2024-12-11,64a51dfc190a4a6fa9f9580b505a63d9,其他社会活动,,,,,,,
2024-12-31,K-1-26-03,民政,urn:ddi:ZJJCKSTAT:d174a37f-b80b-4cc7-86b0-eec86ccad429:1,20230000,浙江省最低生活保障和救济情况,8,,urn:ddi:ZJJCKSTAT:ca53700a-4f35-458c-a1b6-725ec3087f9e:1,K-1-26-03,6758de745a413afce86958f4,2024-12-11,fc0a4bdc4ada4b739d33afce6edfa7b2,其他社会活动,,,,,,,
2024-12-31,K-1-26-05,司法,urn:ddi:ZJJCKSTAT:4e2ae881-4d39-4b65-b2ae-6ae8fba10ce7:1,20230000,浙江省律师、公证及调解工作基本情况,8,,urn:ddi:10000681:d042d8ff-a9f7-4294-9ad5-2afefabe88ee:1,K-1-26-05,6758d7e25a413afce86958eb,2024-12-11,a31378a5b0654f47ae6e3e71c0eed036,其他社会活动,,,,,,,
2024-12-31,K-1-26-14,民政,urn:ddi:ZJJCKSTAT:d174a37f-b80b-4cc7-86b0-eec86ccad429:1,20230000,浙江省社会工作单位基本情况,8,1,urn:ddi:10000681:51b51327-82c2-4d09-8057-8dea08944448:1,K-1-26-14,6758d1c45a413afce86958e4,2024-12-11,9625a5388dc743719f3993503c5bc866,其他社会活动,,,,,,,
2024-12-31,K-1-26-16,民政,urn:ddi:ZJJCKSTAT:d174a37f-b80b-4cc7-86b0-eec86ccad429:1,20230000,医疗保险参保人员基本情况,8,12,urn:ddi:10000681:a912511a-f4fe-4928-bbe6-3c291d7051dd:1,K-1-26-16,6758c9d95a413afce86958e1,2024-12-11,7460891bd42b4605b06d8b20cc0414f7,其他社会活动,,,,,,,
2024-12-31,K-1-26-15,民政,urn:ddi:ZJJCKSTAT:d174a37f-b80b-4cc7-86b0-eec86ccad429:1,20230000,社会保险参保人员基本情况,8,27,urn:ddi:10000681:09acbf9d-7faa-4a4f-b25e-31239ac5e6c4:1,K-1-26-15,6758c9875a413afce86958e0,2024-12-11,84812e37e47d4e26ac0a4adf1a52b22f,其他社会活动,,,,,,,
2024-12-31,K-1-26-09,司法,urn:ddi:ZJJCKSTAT:4e2ae881-4d39-4b65-b2ae-6ae8fba10ce7:1,20230000,浙江省司法公证文书分类,8,1,urn:ddi:10000681:2037156f-59fa-4d79-b5ac-f67a033775f1:1,K-1-26-09,6758c6a05a413afce86958dd,2024-12-11,780a90a597364b8dbee884a2edbe1784,其他社会活动,,,,,,,
2024-12-31,K-1-26-07,司法,urn:ddi:ZJJCKSTAT:4e2ae881-4d39-4b65-b2ae-6ae8fba10ce7:1,20230000,浙江省调解民间纠纷分类,8,,urn:ddi:10000681:9fbc3ead-f8ae-4734-a6c0-cd9bf430183f:1,K-1-26-07,6757925c5a413afce86958d5,2024-12-10,164e4e5115954585bb002a93fb534dcb,其他社会活动,,,,,,,
2025-03-28,A-1-14-113,农林牧渔业统计报表制度,urn:ddi:ZJJCKSTAT:842668d2-3473-4daa-96bb-174a05e63e1f:1,20230000,浙江省主要农产品人均产量,8,331,urn:ddi:10000681:d023a978-0d7e-41a2-86e6-25c74e08700a:1,A-1-14-113,67e5e69f5a413a6e12b37294,2025-03-28,6f92f021e2c843c0b227a63655384f11,农业,urn:ddi:10001153:141ed37d-059e-42d8-9c4d-5156ed77f2d6:1,,,,,,
2025-03-28,A-1-14-35,农林牧渔业统计报表制度,urn:ddi:ZJJCKSTAT:842668d2-3473-4daa-96bb-174a05e63e1f:1,20230000,浙江省渔业生产,8,253,urn:ddi:10000681:bb8358cd-49cb-4f2c-a659-0fe4c3f13310:1,A-1-14-35,67e5e5ff5a413a6e12b37293,2025-03-28,b0efd290eb8b4665b60b4a9ce7a3b744,农业,urn:ddi:10001153:141ed37d-059e-42d8-9c4d-5156ed77f2d6:1,,,,,,
2025-03-21,A-1-14-15,农林牧渔业统计报表制度,urn:ddi:ZJJCKSTAT:842668d2-3473-4daa-96bb-174a05e63e1f:1,20230000,浙江省平均每一农林牧渔业从业人员主要农产品生产量,8,88,urn:ddi:10000681:943e4714-2a72-4c20-b0f0-bc2ac029c463:1,A-1-14-15,67dd25a6df5f66658a885ccc,2025-03-21,ac14469ca68641df9220ad8fd3cec8c3,农业,urn:ddi:10001153:141ed37d-059e-42d8-9c4d-5156ed77f2d6:1,,,,,,
2025-03-21,A-1-14-17,农林牧渔业统计报表制度,urn:ddi:ZJJCKSTAT:842668d2-3473-4daa-96bb-174a05e63e1f:1,20230000,浙江省林业生产,8,3,urn:ddi:10000681:21730391-5076-4d86-969e-3576da577466:1,A-1-14-17,67dd1fe6df5f66658a885c3a,2025-03-21,dd60b228b8ea4919a1aa09a5bbf4a5d8,农业,urn:ddi:10001153:141ed37d-059e-42d8-9c4d-5156ed77f2d6:1,,,,,,
2025-03-21,A-1-14-06,农林牧渔业统计报表制度,urn:ddi:ZJJCKSTAT:842668d2-3473-4daa-96bb-174a05e63e1f:1,20230000,浙江省各市农业机械化及农业物资消耗情况,8,,urn:ddi:10000681:66550280-542f-48fe-9d51-6cfccac8e65b:1,A-1-14-06,67dd1909df5f66658a885bbb,2025-03-21,8cf6fcddb0aa491eb6d40e92dfa4b201,农业,urn:ddi:10001153:141ed37d-059e-42d8-9c4d-5156ed77f2d6:1,,,,,,
2025-03-20,A-1-14-05,农林牧渔业统计报表制度,urn:ddi:ZJJCKSTAT:842668d2-3473-4daa-96bb-174a05e63e1f:1,20230000,浙江省农业机械化、电气化及化肥施用量,8,49,urn:ddi:10000681:b5911dbd-019c-4e4e-9517-07e866e8e1ff:1,A-1-14-05,67dbc4dddf5f66658a8859cb,2025-03-20,af6a9cc643b944208851be6717c2b5d4,农业,urn:ddi:10001153:141ed37d-059e-42d8-9c4d-5156ed77f2d6:1,,,,,,
2025-03-20,A-1-14-31,农林牧渔业统计报表制度,urn:ddi:ZJJCKSTAT:842668d2-3473-4daa-96bb-174a05e63e1f:1,20230000,浙江省商品粮基地粮食播种面积和产量,8,15,urn:ddi:10000681:575d7f84-71f8-45ff-9f52-30ff64204373:1,A-1-14-31,67dbb975df5f66658a885973,2025-03-20,6c044233f8bb41378d1d63dd6f248c53,农业,urn:ddi:10001153:141ed37d-059e-42d8-9c4d-5156ed77f2d6:1,,,,,,
2025-03-20,A-1-14-30,农林牧渔业统计报表制度,urn:ddi:ZJJCKSTAT:842668d2-3473-4daa-96bb-174a05e63e1f:1,20230000,浙江省主要农作物播种面积,8,144,urn:ddi:10000681:0e1a5ee2-3079-44eb-8876-486e47cfd92c:1,A-1-14-30,67db0bad5a413aac4225d1c7,2025-03-20,b4061a6762a64f9ab1d688a91f273f54,农业,urn:ddi:10001153:141ed37d-059e-42d8-9c4d-5156ed77f2d6:1,,,,,,
2025-03-19,M-1-14-08,农林牧渔业统计报表制度,urn:ddi:ZJJCKSTAT:842668d2-3473-4daa-96bb-174a05e63e1f:1,20230000,浙江省农、林、牧、渔业分项产值,8,94,urn:ddi:10000681:49f96c62-ac03-452e-90b4-0d2471e9d9dc:1,M-1-14-08,67d9f68f5a413aac4225cfc7,2025-03-19,724d971e72a14678b4351734a6b4efb2,农业,urn:ddi:10001153:141ed37d-059e-42d8-9c4d-5156ed77f2d6:1,,,,,,
2025-03-19,A-1-14-36,农林牧渔业统计报表制度,urn:ddi:ZJJCKSTAT:842668d2-3473-4daa-96bb-174a05e63e1f:1,20230000,浙江省农业事业机构和服务组织,8,30,urn:ddi:10000681:f979afaa-240e-424d-a5bb-7ded0a86c2fc:1,A-1-14-36,67d9b57c5a413aac4225ceef,2025-03-19,188cb60ccaa544248626cd4cc434238a,农业,urn:ddi:10001153:141ed37d-059e-42d8-9c4d-5156ed77f2d6:1,,,,,,
2025-04-08,H-1-18-09,固定资产投资统计报表制度,urn:ddi:ZJJCKSTAT:00f8ec02-63c4-4e07-bce1-c65d0a5305a7:1,20230000,浙江省分行业固定资产投资,8,951,urn:ddi:10000887:b004e18a-ce32-46d4-af20-66a276ed6e81:1,H-1-18-09,67f4718e5a413ad2b501f2d5,2025-04-08,03d0b3596f46438fb6f2958089be01d8,固定资产投资和房地产,,,,,,,
2025-04-18,H-1-18-07,固定资产投资统计报表制度,urn:ddi:ZJJCKSTAT:00f8ec02-63c4-4e07-bce1-c65d0a5305a7:1,20230000,浙江省固定资产投资（年）,8,240,urn:ddi:10000887:5e4151e4-2ccc-4263-97fd-2d8612b5892e:1,H-1-18-07,67e0bb68df5f66658a885ce4,2025-03-24,b2d04654f7474bc695114710bc803e06,固定资产投资和房地产,,,,,,,
2025-04-09,H-1-18-26,固定资产投资统计报表制度,urn:ddi:ZJJCKSTAT:00f8ec02-63c4-4e07-bce1-c65d0a5305a7:1,20230000,浙江省国有及国有控股经济分行业投资和资金来源,8,24,urn:ddi:10000681:85c2f57c-5aba-4189-9e8e-9f8f39a304d0:1,H-1-18-26,67dd2720df5f66658a885cda,2025-03-21,6a9f8e097368486392e986196d6a9efa,固定资产投资和房地产,,,,,,,
2025-03-21,H-1-18-08,固定资产投资统计报表制度,urn:ddi:ZJJCKSTAT:00f8ec02-63c4-4e07-bce1-c65d0a5305a7:1,20230000,浙江省固定资产投资按产业划分及重点领域投资,8,116,urn:ddi:10000887:385ad73d-996d-4b8c-9482-96804945cb3f:1,H-1-18-08,67dd2263df5f66658a885c68,2025-03-21,f05e519ce67f4494861338c33687a0b5,固定资产投资和房地产,,,,,,,
2025-03-20,H-1-18-13,固定资产投资统计报表制度,urn:ddi:ZJJCKSTAT:00f8ec02-63c4-4e07-bce1-c65d0a5305a7:1,20230000,浙江省外商经济分行业投资和资金来源,8,,urn:ddi:10000887:41681ccd-13f0-4dfc-a371-cff6951abbb8:1,H-1-18-13,67dbb73fdf5f66658a88594b,2025-03-20,f33c0fa8f573498095cddb2fc89dbce5,固定资产投资和房地产,,,,,,,
2025-03-20,H-1-18-12,固定资产投资统计报表制度,urn:ddi:ZJJCKSTAT:00f8ec02-63c4-4e07-bce1-c65d0a5305a7:1,20230000,浙江省港澳台经济分行业投资和资金来源,8,,urn:ddi:10000887:743de0b2-5e3a-43d4-9676-27e9d7917e53:1,H-1-18-12,67dbb6a1df5f66658a885930,2025-03-20,dec8c4142c4d4944949646b2e6c1e507,固定资产投资和房地产,,,,,,,
2025-03-18,X-1-18-03,房地产开发统计报表制度,urn:ddi:ZJJCKSTAT:2b00e6cd-da91-44e3-8cdd-adb51fbe8322:1,20230000,浙江省各市按资质等级分的房地产开发投资额,8,44,urn:ddi:10000681:28c6b081-d26d-480a-9540-dd9781991154:1,X-1-18-03,67d8c71a5a413aac4225ced4,2025-03-18,4b8e726ec6a045f8bc56aabeeb9d4d62,固定资产投资和房地产,,,,,,,
2024-12-30,X-1-18-12,房地产开发统计报表制度,urn:ddi:ZJJCKSTAT:2b00e6cd-da91-44e3-8cdd-adb51fbe8322:1,20230000,浙江省各市房地产开发企业住宅销售面积和销售额,8,,urn:ddi:ZJJCKSTAT:e4882641-dbb4-4eb9-a824-431a35fb79e6:1,X-1-18-12,676db0385a413afce869b335,2024-12-27,5213f0a5f35a4c438ea221b91f00e835,固定资产投资和房地产,,,,,,,
2024-12-30,X-1-18-11,房地产开发统计报表制度,urn:ddi:ZJJCKSTAT:2b00e6cd-da91-44e3-8cdd-adb51fbe8322:1,20230000,浙江省各市房地产开发企业商品房屋销售面积和销售额,8,,urn:ddi:ZJJCKSTAT:d29f24df-ba44-482f-bad0-a8ba99597b41:1,X-1-18-11,676db0295a413afce869b334,2024-12-27,484075275e3c4ec68ecd24e6b3f03a4a,固定资产投资和房地产,,,,,,,
2024-12-30,X-1-18-10,房地产开发统计报表制度,urn:ddi:ZJJCKSTAT:2b00e6cd-da91-44e3-8cdd-adb51fbe8322:1,20230000,浙江省各市房地产开发企业建造的住宅面积和价格,8,,urn:ddi:ZJJCKSTAT:0a108933-4161-4338-ae6d-f59383251056:1,X-1-18-10,676db0165a413afce869b333,2024-12-27,ef467ed22602421bafc14435cb568da0,固定资产投资和房地产,,,,,,,
2025-04-27,E-1-20-27,批发和零售业、住宿和餐饮业统计报表制度,urn:ddi:ZJJCKSTAT:730eeabb-dc15-4f9c-ab72-957cd11b162b:1,20230000,浙江省限额以上批发零售贸易企业财务状况,8,580,urn:ddi:10000681:65deb42c-7b1c-4ff8-b137-68426b46e494:1,E-1-20-27,680d7afe5a413ad2b501f869,2025-04-27,f4803582e22d44668339dbd7ce7fe86e,国内贸易,,,,,,,
2025-04-27,E-1-20-34,批发和零售业、住宿和餐饮业统计报表制度,urn:ddi:ZJJCKSTAT:730eeabb-dc15-4f9c-ab72-957cd11b162b:1,20230000,浙江省社会消费品零售总额,8,955,urn:ddi:10000681:2633f14f-0030-4e73-be52-9711746a16fb:1,E-1-20-34,680d6eea5a413ad2b501f80d,2025-04-27,88f5f73fc6ef4397b5327d96eeda161b,国内贸易,,,,,,,
2025-03-20,E-1-20-08,批发和零售业、住宿和餐饮业统计报表制度,urn:ddi:ZJJCKSTAT:730eeabb-dc15-4f9c-ab72-957cd11b162b:1,20230000,浙江省按登记注册类型分限额以上批发零售贸易企业资产及负债情况,8,26,urn:ddi:10000681:68427646-16e5-4e41-9522-9bfff288a7b5:1,E-1-20-08,67dbc472df5f66658a8859c3,2025-03-20,abc2b6c4f71e4da9b25a8c04892a0e35,国内贸易,,,,,,,
2025-03-20,E-1-20-24,批发和零售业、住宿和餐饮业统计报表制度,urn:ddi:ZJJCKSTAT:730eeabb-dc15-4f9c-ab72-957cd11b162b:1,20230000,浙江省按登记注册类型分限额以上批发零售贸易业商品销售总额,8,17,urn:ddi:10000681:424eaf6d-1c2f-4ce8-a2d3-7e4b45d6ddcf:1,E-1-20-24,67dbc3ebdf5f66658a8859bc,2025-03-20,a664f3673c2d4656b8fff5e791383108,国内贸易,,,,,,,
2025-03-20,E-1-20-11,批发和零售业、住宿和餐饮业统计报表制度,urn:ddi:ZJJCKSTAT:730eeabb-dc15-4f9c-ab72-957cd11b162b:1,20230000,浙江省限额以上住宿餐饮企业资产负债情况,8,6,urn:ddi:10000681:62927fc8-f944-4fa8-a843-118d0828c1fb:1,E-1-20-11,67db037d5a413aac4225d11e,2025-03-20,f49417c150b6494faef633f830075469,国内贸易,,,,,,,
2025-03-20,E-1-20-29,批发和零售业、住宿和餐饮业统计报表制度,urn:ddi:ZJJCKSTAT:730eeabb-dc15-4f9c-ab72-957cd11b162b:1,20230000,浙江省按登记注册类型分限额以上批发零售贸易企业主要财务指标,8,7,urn:ddi:10000681:23b20a28-a81e-4bdb-ac93-03de80bc1bfd:1,E-1-20-29,67db01cd5a413aac4225d10f,2025-03-20,bd245b27527f42b39e70080c0407f84e,国内贸易,,,,,,,
2025-03-20,E-1-20-30,批发和零售业、住宿和餐饮业统计报表制度,urn:ddi:ZJJCKSTAT:730eeabb-dc15-4f9c-ab72-957cd11b162b:1,20230000,浙江省分行业限额以上批发零售贸易企业主要财务指标情况,8,8,urn:ddi:10000681:b2de9619-650f-43ae-9dc9-158274d941c3:1,E-1-20-30,67db00ae5a413aac4225d0f6,2025-03-20,c89bd483f492408f990e08da0795ac9a,国内贸易,,,,,,,
2025-03-20,E-1-20-31,批发和零售业、住宿和餐饮业统计报表制度,urn:ddi:ZJJCKSTAT:730eeabb-dc15-4f9c-ab72-957cd11b162b:1,20230000,浙江省限额以上住宿餐饮业基本情况,8,11,urn:ddi:10000681:f81b161e-002a-4557-8d17-79a349f94096:1,E-1-20-31,67dafe715a413aac4225d0c1,2025-03-20,de8de2b02cf2404c8d4dc4de5383c335,国内贸易,,,,,,,
2025-03-19,E-1-20-26,批发和零售业、住宿和餐饮业统计报表制度,urn:ddi:ZJJCKSTAT:730eeabb-dc15-4f9c-ab72-957cd11b162b:1,20230000,浙江省限额以上批发零售贸易业商品分类销售额,8,26,urn:ddi:10000681:5b77ba47-349a-4bf9-a1bb-bd280175b9a7:1,E-1-20-26,67d9c8c65a413aac4225cf56,2025-03-19,52f807e99e004664b610f69e2cb8c133,国内贸易,,,,,,,
2025-03-19,E-1-20-28,批发和零售业、住宿和餐饮业统计报表制度,urn:ddi:ZJJCKSTAT:730eeabb-dc15-4f9c-ab72-957cd11b162b:1,20230000,浙江省分行业限额以上批发零售贸易企业资产及负债情况,8,9,urn:ddi:10000681:5dc6fd75-01e8-4ce5-a31b-770455068ea8:1,E-1-20-28,67d9c70a5a413aac4225cf51,2025-03-19,5683f3001edc4d409f851ecd5b01fd08,国内贸易,,,,,,,
2025-04-18,Q-1-13-00,,,20230000,浙江省国民经济和社会发展总量与速度,8,1044,urn:ddi:10000887:7ffd4b9f-49fb-4622-adf0-e8b2ef403b5b:1,,680186615a413ad2b501f6a5,2025-04-18,5494276288424086803c8cfdf4e4a455,国民经济核算,,Q-1-13-00,,,,,
2025-04-16,Q-1-13-08,地区生产总值核算制度,urn:ddi:ZJJCKSTAT:ea536b07-37de-4c5d-affa-dd797ae1ed45:1,20230000,浙江省全省生产总值指数（1978年=100）,8,943,urn:ddi:10000887:640a08fd-62b8-48ce-a7a9-2c4ce330a44c:1,Q-1-13-08,67ff5b38df5f66d79587956d,2025-04-16,14a75b846e0342909490d40c23d34607,国民经济核算,,,,,,,
2025-03-21,Q-1-13-06,,,20230000,浙江省平均每天主要社会经济活动,8,61,urn:ddi:10000887:dd4c3a89-b454-4017-ad4b-6893b95382f7:1,,67dd23f5df5f66658a885c9a,2025-03-21,43a3de167f534a08937c8fcf28aff63b,国民经济核算,,,Q-1-13-06,,,,
2025-03-19,Q-1-13-04,,,20230000,浙江省国民经济社会发展结构指标,8,105,urn:ddi:10000887:a5c0195e-6b1a-4ccb-acf4-cd469ac49308:1,,67da06695a413aac4225d0b6,2025-03-19,04aa00f1a0d54cd4865bfa91f89f4eaa,国民经济核算,,,,Q-1-13-04,,,
2025-03-18,Q-1-13-05,,,20230000,浙江省人均主要工农业产品产量,8,19,urn:ddi:10000887:c19e73f4-72cc-474c-9b47-923679172525:1,,67d8aa9e5a413aac4225cd9e,2025-03-18,08e52f79c2214ea89f20979caa30e9d8,国民经济核算,,,,,Q-1-13-05,,
2025-03-18,Q-1-13-07,地区生产总值核算制度,urn:ddi:ZJJCKSTAT:ea536b07-37de-4c5d-affa-dd797ae1ed45:1,20230000,浙江省全省生产总值构成,8,135,urn:ddi:10000887:66ca11bc-a04d-416e-b63d-32ffa2e16e20:1,Q-1-13-07,67d85cda5a413aac4225cb67,2025-03-18,2f01ae129e4c40f395556a538146f5d6,国民经济核算,,,,,,,
2025-03-04,Q-1-13-01,地区生产总值核算制度,urn:ddi:ZJJCKSTAT:ea536b07-37de-4c5d-affa-dd797ae1ed45:1,20230000,浙江省全省生产总值,8,268,urn:ddi:ZJJCKSTAT:01e112f0-5724-4b49-b384-5b91c30bcbaa:1,Q-1-13-01,67c61d175a413aac4225c4d8,2025-03-04,68a95ce357d0477d9d6ea2666dab2efd,国民经济核算,,,,,,,
2025-03-03,HG-01-01,宏观经济数据模块,urn:ddi:10000681:9050d186-81e3-415c-9fd1-dcaca0714a86:1,20230000,地区生产总值,8,350,urn:ddi:10000681:2d21b914-e077-478e-807e-92ec8d92415f:1,HG-01-01,67c4d5f05a413aac4225c4cb,2025-03-03,6e89f3c3c5e743c8b9e82108bafd5096,国民经济核算,,,,,,,
2024-12-30,Q-1-13-02,地区生产总值核算制度,urn:ddi:ZJJCKSTAT:ea536b07-37de-4c5d-affa-dd797ae1ed45:1,20230000,浙江省地区生产总值指数（以上年为100）,8,113,urn:ddi:ZJJCKSTAT:61f851fa-15d5-4d04-b558-9f930b7942e7:1,Q-1-13-02,676d9dc05a413afce869b2a3,2024-12-27,3bbedeb08d0c421781738218d27c876b,国民经济核算,,,,,,,
2025-04-24,Q-1-13-05,,,20220000,浙江省人均主要工农业产品产量,8,,urn:ddi:10000887:c19e73f4-72cc-474c-9b47-923679172525:1,,680964be5a413ad2b501f720,2025-04-24,e14a88dd67fc416485cfdfaf2819d114,国民经济核算,,,,,Q-1-13-05,,
2024-12-30,K-1-05-02,主要经济指标,urn:ddi:ZJJCKSTAT:97f45be9-c5f7-4cc2-b86b-44150c09164c:1,20230000,浙江省分地区供水总量,8,,urn:ddi:ZJJCKSTAT:c6d9deb3-c09c-4663-8159-bdaf84eff9f6:1,K-1-05-02,676b14e25a413afce869749e,2024-12-25,4d6e50ed08bb4a2f8681c9d3510c9462,城市建设,,,,,,,
2024-12-30,K-1-05-01,城市个数,urn:ddi:ZJJCKSTAT:50d9d0e0-45fa-4c69-8785-f3689e767ee9:1,20230000,浙江省城市公用事业,8,,urn:ddi:ZJJCKSTAT:9dc10733-c21e-4014-8cc3-0611255a9494:1,K-1-05-01,676b0bfd5a413afce8697475,2024-12-25,d66f70763db74701bf57137d679505df,城市建设,,,,,,,
2024-06-20,K-1-05-01,城市个数,urn:ddi:ZJJCKSTAT:50d9d0e0-45fa-4c69-8785-f3689e767ee9:1,20220000,浙江省城市公用事业,8,498,urn:ddi:ZJJCKSTAT:9dc10733-c21e-4014-8cc3-0611255a9494:1,K-1-05-01,6673dd2edf5f663a7e26b6aa,2024-06-20,4ca0eae8ebe247d59b6167a7def65caa,城市建设,,,,,,,
2023-11-23,K-1-05-02,主要经济指标,urn:ddi:ZJJCKSTAT:97f45be9-c5f7-4cc2-b86b-44150c09164c:1,20220000,浙江省分地区供水总量,8,90,urn:ddi:ZJJCKSTAT:c6d9deb3-c09c-4663-8159-bdaf84eff9f6:1,K-1-05-02,655e38d3df5f66038610d82a,2023-11-23,de16374b61f84046a0d8187bca702e17,城市建设,,,,,,,
2024-06-20,K-1-05-01,城市个数,urn:ddi:ZJJCKSTAT:50d9d0e0-45fa-4c69-8785-f3689e767ee9:1,20210000,浙江省城市公用事业,8,,urn:ddi:ZJJCKSTAT:9dc10733-c21e-4014-8cc3-0611255a9494:1,K-1-05-01,6673dd23df5f663a7e26b6a9,2024-06-20,7bfcbf0175364584a1e1e3bb91e00be5,城市建设,,,,,,,
2022-10-17,K-1-05-02,主要经济指标,urn:ddi:ZJJCKSTAT:97f45be9-c5f7-4cc2-b86b-44150c09164c:1,20210000,浙江省分地区供水总量,8,104,urn:ddi:ZJJCKSTAT:c6d9deb3-c09c-4663-8159-bdaf84eff9f6:1,K-1-05-02,63227c6f5a413a4d06e98ca5,2022-09-15,5e3512449ca544409660b6656fcc5374,城市建设,,,,,,,
2024-06-20,K-1-05-01,城市个数,urn:ddi:ZJJCKSTAT:50d9d0e0-45fa-4c69-8785-f3689e767ee9:1,20200000,浙江省城市公用事业,8,,urn:ddi:ZJJCKSTAT:9dc10733-c21e-4014-8cc3-0611255a9494:1,K-1-05-01,6673dd17df5f663a7e26b6a8,2024-06-20,8b4fd291ec844ede8ba7a3a0ce6e6924,城市建设,,,,,,,
2022-02-25,K-1-05-02,主要经济指标,urn:ddi:ZJJCKSTAT:97f45be9-c5f7-4cc2-b86b-44150c09164c:1,20200000,浙江省分地区供水总量,8,129,urn:ddi:ZJJCKSTAT:c6d9deb3-c09c-4663-8159-bdaf84eff9f6:1,K-1-05-02,62182aad5a413a5dd3f30899,2022-02-25,500b25025aa34de2a8d97b508d4995a0,城市建设,,,,,,,
2024-06-20,K-1-05-01,城市个数,urn:ddi:ZJJCKSTAT:50d9d0e0-45fa-4c69-8785-f3689e767ee9:1,20190000,浙江省城市公用事业,8,,urn:ddi:ZJJCKSTAT:9dc10733-c21e-4014-8cc3-0611255a9494:1,K-1-05-01,6673dd0bdf5f663a7e26b6a7,2024-06-20,6cd597ebebba4a54b8b9fd00114bdacd,城市建设,,,,,,,
2020-11-20,K-1-05-02,主要经济指标,urn:ddi:ZJJCKSTAT:97f45be9-c5f7-4cc2-b86b-44150c09164c:1,20190000,浙江省分地区供水总量,8,160,urn:ddi:ZJJCKSTAT:c6d9deb3-c09c-4663-8159-bdaf84eff9f6:1,K-1-05-02,60edc558df5f6672b38b90fe,2021-07-14,9181891f8d354004a167dd5eb371d854,城市建设,,,,,,,
2025-04-29,E-1-21-18,对外经济贸易和旅游综合统计报表制度,urn:ddi:ZJJCKSTAT:3fed5a5b-84d2-4571-bb5f-a911493d3bf6:1,20230000,浙江省出口主要商品情况,8,1552,urn:ddi:10000681:1cc2e2c9-8ec0-4f6a-81eb-ab7c5938839f:1,E-1-21-18,681037c1df5f66d795879829,2025-04-29,7212de7d9f854d5ea1178e6b4991f142,对外经济,,,,,,,
2025-04-28,E-1-21-04,对外经济贸易和旅游综合统计报表制度,urn:ddi:ZJJCKSTAT:3fed5a5b-84d2-4571-bb5f-a911493d3bf6:1,20230000,浙江省出口总值分类表,8,,urn:ddi:10000681:36326dbf-2994-4fb7-b447-e33defb85032:1,E-1-21-04,67dd0b96df5f66658a885b9b,2025-03-21,56b74485f0c64f87b8ef610124920472,对外经济,,,,,,,
2025-03-21,E-1-21-17,对外经济贸易和旅游综合统计报表制度,urn:ddi:ZJJCKSTAT:3fed5a5b-84d2-4571-bb5f-a911493d3bf6:1,20230000,浙江省进出口货物分贸易方式总值表,8,187,urn:ddi:10000681:566e32d4-78d9-4ec5-aa3a-02402c1469c4:1,E-1-21-17,67dcd8c4df5f66658a885b4c,2025-03-21,f96717cfa87f4bd987e5fcb810b4963e,对外经济,,,,,,,
2025-03-17,E-1-21-16,对外经济贸易和旅游综合统计报表制度,urn:ddi:ZJJCKSTAT:3fed5a5b-84d2-4571-bb5f-a911493d3bf6:1,20230000,浙江省进口总值分类表,8,124,urn:ddi:10000681:e66e3df1-7c52-4eea-a2e4-28c34040b438:1,E-1-21-16,67d752cc5a413aac4225c889,2025-03-17,7ef97c242ec744788b99a2b506c5464f,对外经济,,,,,,,
2025-03-07,E-1-21-01,对外经济贸易和旅游综合统计报表制度,urn:ddi:ZJJCKSTAT:3fed5a5b-84d2-4571-bb5f-a911493d3bf6:1,20230000,浙江省进出口总值,8,254,urn:ddi:10000681:f0615813-a817-4350-ad29-82a5087026d7:1,E-1-21-01,67c9e40d5a413aac4225c55b,2025-03-07,14a6359cd2544858a8d039c55b2e6d86,对外经济,,,,,,,
2024-12-30,E-1-21-10,对外经济贸易和旅游综合统计报表制度,urn:ddi:ZJJCKSTAT:3fed5a5b-84d2-4571-bb5f-a911493d3bf6:1,20230000,浙江省对外经济合作情况,8,87,urn:ddi:ZJJCKSTAT:2fb0a130-1da5-4fbb-a5ef-995f335e4e47:1,E-1-21-10,676a06125a413afce8697238,2024-12-24,83d293eede914b89bf1de564f300084b,对外经济,,,,,,,
2024-12-30,E-1-21-15,对外经济贸易和旅游综合统计报表制度,urn:ddi:ZJJCKSTAT:3fed5a5b-84d2-4571-bb5f-a911493d3bf6:1,20230000,浙江省按国别（地区）分的外商直接投资情况,8,,urn:ddi:ZJJCKSTAT:3a700b3a-13a5-4dfd-a263-67fe3f0d1e70:1,E-1-21-15,676a06045a413afce8697237,2024-12-24,7c2cfc6e19da46c98893747d76f9022c,对外经济,,,,,,,
2024-12-30,E-1-21-14,对外经济贸易和旅游综合统计报表制度,urn:ddi:ZJJCKSTAT:3fed5a5b-84d2-4571-bb5f-a911493d3bf6:1,20230000,浙江省按行业分的外商直接投资情况,8,,urn:ddi:ZJJCKSTAT:52835099-f6b7-4c1b-b98d-7e88eaf1ae67:1,E-1-21-14,676a05f35a413afce8697236,2024-12-24,e982170ac163481eb610dad932e4e490,对外经济,,,,,,,
2025-04-29,E-1-21-00,对外经济贸易和旅游综合统计报表制度,urn:ddi:ZJJCKSTAT:3fed5a5b-84d2-4571-bb5f-a911493d3bf6:1,20230000,浙江省实际利用外资金额,8,,urn:ddi:10000681:528933f9-e44e-41cb-8ae8-ddb6c376e831:1,E-1-21-00,676a05da5a413afce8697235,2024-12-24,503305c2c08b42dea15fb6d7b76ab8c1,对外经济,,,,,,,
2024-12-30,E-1-21-06,对外经济贸易和旅游综合统计报表制度,urn:ddi:ZJJCKSTAT:3fed5a5b-84d2-4571-bb5f-a911493d3bf6:1,20230000,浙江省利用外资协议合同（项目）和金额,8,,urn:ddi:ZJJCKSTAT:e64381ab-7483-48cd-9bb4-d030940ba676:1,E-1-21-06,676a05cb5a413afce8697234,2024-12-24,31ae68a044004a52893a8ce90e7de437,对外经济,,,,,,,
2025-04-08,R-1-03-59,劳动统计报表制度,urn:ddi:ZJJCKSTAT:d094e639-6bd0-462e-9882-cc73eda31100:1,20230000,浙江省按行业分的非私营单位工业、建筑业企业就业人员人数,8,950,urn:ddi:10000681:62cb3e3c-62ec-48fb-99c6-305a295a8208:1,R-1-03-59,67f455cf5a413ad2b501e553,2025-04-08,aa19727dee404f7bba04f1e7d252dcc3,就业与工资,,,,,,,
2024-12-31,R-1-03-82,劳动统计报表制度,urn:ddi:ZJJCKSTAT:d094e639-6bd0-462e-9882-cc73eda31100:1,20230000,浙江省各市规模以上单位按控股情况分就业人员平均工资,8,375,urn:ddi:10000681:dfadb252-3480-4dde-ade2-ab0138398947:1,R-1-03-82,6772099ddf5f66e70b5ed167,2024-12-30,d35e7399e61a447ca5f941439be4b88d,就业与工资,,,,,,,
2024-12-31,R-1-03-81,劳动统计报表制度,urn:ddi:ZJJCKSTAT:d094e639-6bd0-462e-9882-cc73eda31100:1,20230000,浙江省各市规模以上单位按规模分就业人员年平均工资,8,318,urn:ddi:10000681:fa906c74-cd86-4a4e-a16a-96a17763e0d4:1,R-1-03-81,67720980df5f66e70b5ed166,2024-12-30,31f86d03df0942c8b849d38863c997aa,就业与工资,,,,,,,
2024-12-31,R-1-03-80,劳动统计报表制度,urn:ddi:ZJJCKSTAT:d094e639-6bd0-462e-9882-cc73eda31100:1,20230000,浙江省各市规模以上单位就业人员工资总额和平均工资,8,317,urn:ddi:10000681:2e890d8f-b05e-4985-bbf2-595a0f68fc5a:1,R-1-03-80,67720965df5f66e70b5ed165,2024-12-30,ed94a76f9c794c8482b36c5a326e19d1,就业与工资,,,,,,,
2024-12-31,R-1-03-79,劳动统计报表制度,urn:ddi:ZJJCKSTAT:d094e639-6bd0-462e-9882-cc73eda31100:1,20230000,浙江省分行业规模以上私营单位就业人员平均工资,8,315,urn:ddi:10000681:81f2aa47-879d-469c-afc8-7a3b0067f24c:1,R-1-03-79,6772094adf5f66e70b5ed164,2024-12-30,130cc36f37b14af4a4811c137fd5daf1,就业与工资,,,,,,,
2024-12-31,R-1-03-78,劳动统计报表制度,urn:ddi:ZJJCKSTAT:d094e639-6bd0-462e-9882-cc73eda31100:1,20230000,浙江省分行业规模以上私营单位就业人员工资总额,8,189,urn:ddi:10000681:ab89a948-9607-42a3-86de-170a118a3562:1,R-1-03-78,677208e0df5f66e70b5ed163,2024-12-30,dbdbc41c29254aa486e2c342958310cc,就业与工资,,,,,,,
2024-12-31,R-1-03-77,劳动统计报表制度,urn:ddi:ZJJCKSTAT:d094e639-6bd0-462e-9882-cc73eda31100:1,20230000,浙江省分行业规模以上非私营单位就业人员平均工资,8,216,urn:ddi:10000681:79c018e5-ff4b-42b8-82c8-f32b1aebe4db:1,R-1-03-77,677208bcdf5f66e70b5ed162,2024-12-30,4aad7e306d954141a8f1204abd490fac,就业与工资,,,,,,,
2024-12-31,R-1-03-76,劳动统计报表制度,urn:ddi:ZJJCKSTAT:d094e639-6bd0-462e-9882-cc73eda31100:1,20230000,浙江省分行业规模以上非私营单位就业人员工资总额,8,169,urn:ddi:10000681:ee8db5c1-e37c-4546-8df4-0f287555bd0e:1,R-1-03-76,6772088edf5f66e70b5ed161,2024-12-30,158425df775d4bc685585a16f48c426f,就业与工资,,,,,,,
2024-12-31,R-1-03-75,劳动统计报表制度,urn:ddi:ZJJCKSTAT:d094e639-6bd0-462e-9882-cc73eda31100:1,20230000,浙江省分行业规模以上单位就业人员平均工资,8,,urn:ddi:10000681:81a4a4b5-ea14-4e7a-a7a8-5d2106df0c63:1,R-1-03-75,67720865df5f66e70b5ed160,2024-12-30,7bcc19555d3945f9b77611ff42742754,就业与工资,,,,,,,
2024-12-31,R-1-03-74,劳动统计报表制度,urn:ddi:ZJJCKSTAT:d094e639-6bd0-462e-9882-cc73eda31100:1,20230000,浙江省分行业规模以上单位就业人员工资总额,8,,urn:ddi:10000681:244f5ebe-bd65-4a9c-8c22-10db1370db2b:1,R-1-03-74,67720837df5f66e70b5ed15f,2024-12-30,7053c797d8f747638bb7c6785500ccfa,就业与工资,,,,,,,
2024-12-30,W-1-19-20,住户收支与生活状况调查方案,urn:ddi:ZJJCKSTAT:fa189bb6-3419-4eee-9a14-623a2b660001:1,20230000,浙江省城乡居民家庭基本情况,8,13,urn:ddi:10000887:8cd204da-f9d9-4eb9-bd53-5aeafbb23ea4:1,W-1-19-20,676dd0c35a413afce869b530,2024-12-27,e60a193818b64204ad667b95d7482acf,居民住户,,,,,,,
2024-12-30,W-1-19-16,住户收支与生活状况调查方案,urn:ddi:ZJJCKSTAT:fa189bb6-3419-4eee-9a14-623a2b660001:1,20230000,浙江省城乡居民住房情况,8,3,urn:ddi:10000887:d651ab40-6c5e-474f-b438-58e8e6a280bf:1,W-1-19-16,676bc2dadf5f66e70b5eb107,2024-12-25,4414cb87f2024c76920a475ed2d712c3,居民住户,,,,,,,
2025-04-25,W-1-19-20,住户收支与生活状况调查方案,urn:ddi:ZJJCKSTAT:fa189bb6-3419-4eee-9a14-623a2b660001:1,20220000,浙江省城乡居民家庭基本情况,8,,urn:ddi:10000887:8cd204da-f9d9-4eb9-bd53-5aeafbb23ea4:1,W-1-19-20,680ae9ccdf5f66d795879714,2025-04-25,c1cea52f1e7e41f3a4d3cec4f731e663,居民住户,,,,,,,
2025-03-25,W-1-19-16,住户收支与生活状况调查方案,urn:ddi:ZJJCKSTAT:fa189bb6-3419-4eee-9a14-623a2b660001:1,20220000,浙江省城乡居民住房情况,8,,urn:ddi:10000887:d651ab40-6c5e-474f-b438-58e8e6a280bf:1,W-1-19-16,67e20e2adf5f66658a885d2b,2025-03-25,6df0fea9111e41adadab5fd9a8b05ae7,居民住户,,,,,,,
2025-04-25,W-1-19-20,住户收支与生活状况调查方案,urn:ddi:ZJJCKSTAT:fa189bb6-3419-4eee-9a14-623a2b660001:1,20210000,浙江省城乡居民家庭基本情况,8,,urn:ddi:10000887:8cd204da-f9d9-4eb9-bd53-5aeafbb23ea4:1,W-1-19-20,680ae9eedf5f66d795879715,2025-04-25,38489f27fe3746198db78b1150d8a7a6,居民住户,,,,,,,
2022-10-14,W-1-19-16,住户收支与生活状况调查方案,urn:ddi:ZJJCKSTAT:fa189bb6-3419-4eee-9a14-623a2b660001:1,20210000,浙江城乡居民住房情况,8,278,urn:ddi:ZJJCKSTAT:cfaaa38b-6dba-49c5-befc-465602ec8200:1,W-1-19-16,6329f7655a413a35084381d8,2022-09-21,42cd98f6b84f48c18d361ec475deab7a,居民住户,,,,,,,
2022-09-21,W-1-19-16,住户收支与生活状况调查方案,urn:ddi:ZJJCKSTAT:fa189bb6-3419-4eee-9a14-623a2b660001:1,20200000,浙江城乡居民住房情况,8,54,urn:ddi:ZJJCKSTAT:cfaaa38b-6dba-49c5-befc-465602ec8200:1,W-1-19-16,6329f6f65a413a35084381d7,2022-09-21,6a86ce5cf43a4193b446633928ff5cff,居民住户,,,,,,,
2022-09-21,W-1-19-16,住户收支与生活状况调查方案,urn:ddi:ZJJCKSTAT:fa189bb6-3419-4eee-9a14-623a2b660001:1,20190000,浙江城乡居民住房情况,8,,urn:ddi:ZJJCKSTAT:cfaaa38b-6dba-49c5-befc-465602ec8200:1,W-1-19-16,6329f6715a413a35084381d5,2022-09-21,a89ce92939a045d8a58d569f8f7716c5,居民住户,,,,,,,
2022-09-21,W-1-19-16,住户收支与生活状况调查方案,urn:ddi:ZJJCKSTAT:fa189bb6-3419-4eee-9a14-623a2b660001:1,20180000,浙江城乡居民住房情况,8,,urn:ddi:ZJJCKSTAT:cfaaa38b-6dba-49c5-befc-465602ec8200:1,W-1-19-16,6329f5f95a413a35084381d4,2022-09-21,e658206dc2104a2cbad841f2b98ce029,居民住户,,,,,,,
2022-09-21,W-1-19-16,住户收支与生活状况调查方案,urn:ddi:ZJJCKSTAT:fa189bb6-3419-4eee-9a14-623a2b660001:1,20170000,浙江城乡居民住房情况,8,,urn:ddi:ZJJCKSTAT:cfaaa38b-6dba-49c5-befc-465602ec8200:1,W-1-19-16,6329f4e25a413a35084381d3,2022-09-21,ea6d2b4bfd5640ad8c1c27983b8a2eb7,居民住户,,,,,,,
2025-03-25,W-1-19-19,住户收支与生活状况调查方案,urn:ddi:ZJJCKSTAT:fa189bb6-3419-4eee-9a14-623a2b660001:1,20230000,浙江省人民物质文化生活,8,116,urn:ddi:10000887:80a03d72-9190-4b1f-8174-26ee194efcab:1,W-1-19-19,67e21417df5f66658a885d66,2025-03-25,1ee30c41d12b4778a0e960086e3c4e0b,居民收支,,,,,,,
2025-03-20,W-1-19-26,住户收支与生活状况调查方案,urn:ddi:ZJJCKSTAT:fa189bb6-3419-4eee-9a14-623a2b660001:1,20230000,浙江省城乡居民人均生活消费支出情况,8,181,urn:ddi:10000887:f71ed242-6a3f-4872-8b4c-39c6a8b0f80a:1,W-1-19-26,67dbcd7cdf5f66658a8859fd,2025-03-20,ef9d6d76b7514a39acfea5264268853b,居民收支,,,,,,,
2025-03-19,W-1-19-25,住户收支与生活状况调查方案,urn:ddi:ZJJCKSTAT:fa189bb6-3419-4eee-9a14-623a2b660001:1,20230000,浙江省城乡居民人均可支配收入情况,8,182,urn:ddi:10000887:ee0a7e88-dc61-45e5-a504-77ca353a0d3c:1,W-1-19-25,67d9b8935a413aac4225cf1e,2025-03-19,9f856fa6438d431ba076320118f5b6ea,居民收支,,,,,,,
2025-04-25,W-1-19-15,数据库加载（外）,urn:ddi:ZJJCKSTAT:98ecda28-9642-4d05-8e17-a640c9b390ff:1,20230000,浙江省城乡居民人均收支情况,8,,urn:ddi:ZJJCKSTAT:2f7c5a5e-f601-4b7b-a5c3-6eef8999cc50:1,W-1-19-15,676da4615a413afce869b2e8,2024-12-27,318b229a49e4431fac9d6b82a9d97fbc,居民收支,,,,,,,
2024-12-30,W-1-19-24,住户收支与生活状况调查方案,urn:ddi:ZJJCKSTAT:fa189bb6-3419-4eee-9a14-623a2b660001:1,20230000,浙江省各市城乡居民人均生活消费支出情况,8,60,urn:ddi:10000887:cca40ef3-300a-4fb2-ae9a-682c38ba1461:1,W-1-19-24,676bc30adf5f66e70b5eb10a,2024-12-25,c3b442f68268438cbf413c5e3da255c0,居民收支,,,,,,,
2024-12-30,W-1-19-23,数据库加载（外）,urn:ddi:ZJJCKSTAT:98ecda28-9642-4d05-8e17-a640c9b390ff:1,20230000,浙江省各市城乡居民人均可支配收入情况,8,131,urn:ddi:ZJJCKSTAT:be966eb8-2ea5-427b-baf7-d36f2cd60844:1,W-1-19-23,676bc2fddf5f66e70b5eb109,2024-12-25,89b2d682a9bb4d84bb8ee010bfa254a5,居民收支,,,,,,,
2024-12-27,W-1-19-22,数据库加载（外）,urn:ddi:ZJJCKSTAT:98ecda28-9642-4d05-8e17-a640c9b390ff:1,20230000,浙江省城乡居民家庭耐用消费品拥有量,8,22,urn:ddi:ZJJCKSTAT:210c1173-6b34-4a78-a51c-3c6b3d48541f:1,W-1-19-22,676bc2bfdf5f66e70b5eb106,2024-12-25,c9ceb8cc735140f7814c280c52a189d2,居民收支,,,,,,,
2024-12-30,W-1-19-18,住户收支与生活状况调查方案,urn:ddi:ZJJCKSTAT:fa189bb6-3419-4eee-9a14-623a2b660001:1,20230000,浙江城乡居民家庭人均生活消费支出,8,,urn:ddi:ZJJCKSTAT:2a30d5b1-17f7-42d6-8e45-bd817b9d8c86:1,W-1-19-18,676bc25ddf5f66e70b5eb103,2024-12-25,e42873b37a374d6b8e096db508e0f1bd,居民收支,,,,,,,
2025-04-25,W-1-19-24,住户收支与生活状况调查方案,urn:ddi:ZJJCKSTAT:fa189bb6-3419-4eee-9a14-623a2b660001:1,20220000,浙江省各市城乡居民人均生活消费支出情况,8,,urn:ddi:10000887:cca40ef3-300a-4fb2-ae9a-682c38ba1461:1,W-1-19-24,680af496df5f66d79587971d,2025-04-25,f17401e3c5ac4e629d0847cb5b226695,居民收支,,,,,,,
2025-04-25,W-1-19-22,数据库加载（外）,urn:ddi:ZJJCKSTAT:98ecda28-9642-4d05-8e17-a640c9b390ff:1,20220000,浙江省城乡居民家庭耐用消费品拥有量,8,,urn:ddi:ZJJCKSTAT:210c1173-6b34-4a78-a51c-3c6b3d48541f:1,W-1-19-22,680af01ddf5f66d79587971b,2025-04-25,df565fd629784fa99e304f0da3ef27b9,居民收支,,,,,,,
2025-03-24,B-1-15-00,规模以上工业统计报表制度,urn:ddi:ZJJCKSTAT:582f00e8-d24e-4664-92d2-fad00e8cbff7:1,20230000,浙江省规模以上工业企业主要指标,8,307,urn:ddi:10000681:a3e9f38b-9fdb-42ea-a83f-3aef5d43e82e:1,B-1-15-00,67e0a4cc5a413aac4225d2a1,2025-03-24,e8b2508a1c654138aaf87cca8b0981cf,工业,urn:ddi:10000891:cb337395-2e0c-47bb-bf23-06ed3e7d1128:1,,,,,,
2025-03-24,B-1-15-22,规模以上工业统计报表制度,urn:ddi:ZJJCKSTAT:582f00e8-d24e-4664-92d2-fad00e8cbff7:1,20230000,浙江省规模以上工业企业数及总产值,8,223,urn:ddi:10000681:bf3246a2-6a4d-4aee-b716-cb6991f26c0c:1,B-1-15-22,67e0a4b05a413aac4225d2a0,2025-03-24,2b106dab901342bab42161971fff6294,工业,urn:ddi:10000891:cb337395-2e0c-47bb-bf23-06ed3e7d1128:1,,,,,,
2025-03-24,B-1-15-07,规模以上工业统计报表制度,urn:ddi:ZJJCKSTAT:582f00e8-d24e-4664-92d2-fad00e8cbff7:1,20230000,浙江省按行业分的外商投资和港澳台商投资工业企业主要指标,8,58,urn:ddi:10000681:b98c31e8-c61a-44ce-b535-221740162772:1,B-1-15-07,67e0a48c5a413aac4225d29f,2025-03-24,f03bec2c8a88491383152d85128a3b00,工业,urn:ddi:10000891:cb337395-2e0c-47bb-bf23-06ed3e7d1128:1,,,,,,
2025-03-24,B-1-15-01,规模以上工业统计报表制度,urn:ddi:ZJJCKSTAT:582f00e8-d24e-4664-92d2-fad00e8cbff7:1,20230000,浙江省按行业分的规模以上工业企业主要经济指标,8,175,urn:ddi:10000681:d34d49af-c1f5-4f58-b0c6-28fb8d90944b:1,B-1-15-01,67e0a45e5a413aac4225d29e,2025-03-24,66ec1fa7b1644922924e5911c3d7b130,工业,urn:ddi:10000891:cb337395-2e0c-47bb-bf23-06ed3e7d1128:1,,,,,,
2025-03-20,B-1-15-26,规模以上工业统计报表制度,urn:ddi:ZJJCKSTAT:582f00e8-d24e-4664-92d2-fad00e8cbff7:1,20230000,浙江省按行业分的规模以上工业企业总产值,8,17,urn:ddi:10000681:105f07c6-05d9-46ba-8bdf-0c93b8dc312e:1,B-1-15-26,67dbaff0df5f66658a8858f9,2025-03-20,c48b84fbacc24827be74383712080c6f,工业,urn:ddi:10000891:cb337395-2e0c-47bb-bf23-06ed3e7d1128:1,,,,,,
2025-03-20,B-1-15-05,规模以上工业统计报表制度,urn:ddi:ZJJCKSTAT:582f00e8-d24e-4664-92d2-fad00e8cbff7:1,20230000,浙江省按行业分的规模以上私营工业企业主要指标,8,10,urn:ddi:10000681:36ad48d3-e95d-4aa4-859a-adb71dde688c:1,B-1-15-05,67db10a65a413aac4225d1e9,2025-03-20,f63c182a85aa4fd2aefff84e426f6259,工业,urn:ddi:10000891:cb337395-2e0c-47bb-bf23-06ed3e7d1128:1,,,,,,
2025-03-18,B-1-15-17,规模以上工业统计报表制度,urn:ddi:ZJJCKSTAT:582f00e8-d24e-4664-92d2-fad00e8cbff7:1,20230000,浙江省按行业分的外商和港澳台商投资工业企业主要经济效益指标,8,8,urn:ddi:10000681:7ea034ad-0fca-41d6-af88-adcfd6c8bfa9:1,B-1-15-17,67d8b9ba5a413aac4225ce75,2025-03-18,1f9beeaad0ce40aa9cb7423278e5dce1,工业,urn:ddi:10000891:cb337395-2e0c-47bb-bf23-06ed3e7d1128:1,,,,,,
2025-03-18,B-1-15-15,规模以上工业统计报表制度,urn:ddi:ZJJCKSTAT:582f00e8-d24e-4664-92d2-fad00e8cbff7:1,20230000,浙江省按行业分的规模以上私营工业企业主要经济效益指标,8,14,urn:ddi:10000681:a44f3c60-4359-4aed-a31a-f332023ef869:1,B-1-15-15,67d8b9225a413aac4225ce6a,2025-03-18,6b13ffa976f24f8e860040fc5a0c4138,工业,urn:ddi:10000891:cb337395-2e0c-47bb-bf23-06ed3e7d1128:1,,,,,,
2025-03-18,B-1-15-13,规模以上工业统计报表制度,urn:ddi:ZJJCKSTAT:582f00e8-d24e-4664-92d2-fad00e8cbff7:1,20230000,浙江省按行业分的国有及国有控股工业企业主要经济效益指标,8,6,urn:ddi:10000681:df6d2a73-0322-46b6-aef6-c90a52b159fb:1,B-1-15-13,67d8b85e5a413aac4225ce5f,2025-03-18,38d1a3aeded946c0a0d8d66dad33940c,工业,urn:ddi:10000891:cb337395-2e0c-47bb-bf23-06ed3e7d1128:1,,,,,,
2025-03-18,B-1-15-19,规模以上工业统计报表制度,urn:ddi:ZJJCKSTAT:582f00e8-d24e-4664-92d2-fad00e8cbff7:1,20230000,浙江省按行业分的大中型工业企业主要经济效益指标,8,17,urn:ddi:10000681:75cd514f-3fc9-4e1d-b0a4-455ba1d9c6e3:1,B-1-15-19,67d8b7765a413aac4225ce54,2025-03-18,43c2f87842114d3fb0fb365dfd2116e4,工业,urn:ddi:10000891:cb337395-2e0c-47bb-bf23-06ed3e7d1128:1,,,,,,
2025-03-21,C-1-17-12,建筑业统计报表制度,urn:ddi:ZJJCKSTAT:bda12797-e888-4398-b670-a490c18ac0a6:1,20230000,浙江省各地区按资质等级分总承包建筑业企业总产值,8,21,urn:ddi:10000681:7d2a72e3-baa8-40e9-807b-1e52f47166b1:1,C-1-17-12,67dd1bbadf5f66658a885bd8,2025-03-21,b2a3d7974a8645d68aaa8feb903b2125,建筑业,,,,,,,
2025-03-20,C-1-17-06,建筑业统计报表制度,urn:ddi:ZJJCKSTAT:bda12797-e888-4398-b670-a490c18ac0a6:1,20230000,浙江省各地区按登记注册类型分的建筑业总产值,8,13,urn:ddi:10000681:346cc89f-d723-4ecd-8906-8ed3ea28ea07:1,C-1-17-06,67db04605a413aac4225d123,2025-03-20,e6a4106557f14c73ba425769dbca8e54,建筑业,,,,,,,
2025-03-20,C-1-17-14,建筑业统计报表制度,urn:ddi:ZJJCKSTAT:bda12797-e888-4398-b670-a490c18ac0a6:1,20230000,浙江省建筑业企业财务状况,8,10,urn:ddi:10000681:20fe2de9-8593-49b5-aa46-2c11c1acd5ad:1,C-1-17-14,67daffb35a413aac4225d0ea,2025-03-20,d01a77a076d64eae8d84be405c0eb25a,建筑业,,,,,,,
2025-03-18,C-1-17-13,建筑业统计报表制度,urn:ddi:ZJJCKSTAT:bda12797-e888-4398-b670-a490c18ac0a6:1,20230000,浙江省各地区按资质等级分专业承包建筑业企业总产值,8,5,urn:ddi:10000681:05bfcfdd-764e-4780-b61d-a5a47476a82c:1,C-1-17-13,67d85da55a413aac4225cb6d,2025-03-18,2e013b29f1894e81980516a6b31ddd74,建筑业,,,,,,,
2025-03-17,C-1-17-02,建筑业统计报表制度,urn:ddi:ZJJCKSTAT:bda12797-e888-4398-b670-a490c18ac0a6:1,20230000,浙江省各地区按登记注册类型分的建筑业企业单位数,8,5,urn:ddi:10000681:4a899d8a-1493-4d2e-826a-be6766e5d116:1,C-1-17-02,67d74ba55a413aac4225c876,2025-03-17,fd56634d9be648e784868205afa0aad5,建筑业,,,,,,,
2025-03-17,C-1-17-09,建筑业统计报表制度,urn:ddi:ZJJCKSTAT:bda12797-e888-4398-b670-a490c18ac0a6:1,20230000,浙江省各地建筑业企业基本情况,8,13,urn:ddi:10000681:59afb713-f39d-4a8d-9fdc-ca07c12f3195:1,C-1-17-09,67d74a385a413aac4225c871,2025-03-17,7dc66fdd2eb242f78564a5f4285273cd,建筑业,,,,,,,
2025-03-17,C-1-17-11,建筑业统计报表制度,urn:ddi:ZJJCKSTAT:bda12797-e888-4398-b670-a490c18ac0a6:1,20230000,浙江省各地区按所含专业分的建筑业总产值,8,8,urn:ddi:10000681:9a04f6c1-eeb8-42d1-9002-0b9187d94e78:1,C-1-17-11,67d7483d5a413aac4225c866,2025-03-17,075c2e6b90314b429a19c7f03aab234f,建筑业,,,,,,,
2025-03-07,C-1-17-05,建筑业统计报表制度,urn:ddi:ZJJCKSTAT:bda12797-e888-4398-b670-a490c18ac0a6:1,20230000,浙江省各地区建筑业总产值的构成,8,27,urn:ddi:10000681:4a321578-2e98-4362-a1b7-77eb4ae43082:1,C-1-17-05,67c9ede45a413aac4225c59c,2025-03-07,d2762c7c01414817b8cd4af9bbcc286e,建筑业,,,,,,,
2025-03-07,C-1-17-22,建筑业统计报表制度,urn:ddi:ZJJCKSTAT:bda12797-e888-4398-b670-a490c18ac0a6:1,20230000,浙江省各地区按登记注册类型分的建筑业企业房屋建筑面积,8,9,urn:ddi:10000681:7ac888c2-6f3e-4567-a5be-f21c914fc969:1,C-1-17-22,67c9ea2c5a413aac4225c579,2025-03-07,0aeffae2bac142d3a794e1d22f9e7472,建筑业,,,,,,,
2024-12-30,C-1-17-17,建筑业统计报表制度,urn:ddi:ZJJCKSTAT:bda12797-e888-4398-b670-a490c18ac0a6:1,20230000,浙江省各地区建筑业企业利税总额,8,,urn:ddi:ZJJCKSTAT:76fbfc03-3888-4b99-a3d2-517db196dbe4:1,C-1-17-17,676dc0885a413afce869b4ef,2024-12-27,437089a9b9544c578fe22cb6a3d4e04f,建筑业,,,,,,,
2025-04-02,K-1-23-04,教育,urn:ddi:ZJJCKSTAT:4b97f0a9-a036-479c-81ea-520e83b1ff07:1,20230000,浙江省成人教育基本情况,8,188,urn:ddi:10000681:7c1e4464-e195-4529-9d8e-240fd4e0bb65:1,K-1-23-04,67ec35975a413a6e12b37379,2025-04-02,f7fc887226fb4cc3b8736216b197bcd6,教育,,,,,,,
2025-03-21,K-1-23-11,教育,urn:ddi:ZJJCKSTAT:4b97f0a9-a036-479c-81ea-520e83b1ff07:1,20230000,浙江省每万人口中在校学生数和构成,8,53,urn:ddi:10000681:b5137b8c-cbe8-4247-940f-e31952ecfa9e:1,K-1-23-11,67dccdccdf5f66658a885a49,2025-03-21,3db16f15c8f2467b917816a18cda8abc,教育,,,,,,,
2024-12-30,K-1-23-01,教育,urn:ddi:ZJJCKSTAT:4b97f0a9-a036-479c-81ea-520e83b1ff07:1,20230000,浙江省高等学校基本情况,8,72,urn:ddi:ZJJCKSTAT:d48320fb-7c28-4da4-a230-ef390a264eef:1,K-1-23-01,675903f5df5f66e70b5ea802,2024-12-11,7275ac431014484380836ce14cd9d4b4,教育,,,,,,,
2024-12-30,K-1-23-10,教育,urn:ddi:ZJJCKSTAT:4b97f0a9-a036-479c-81ea-520e83b1ff07:1,20230000,浙江省各级学校女学生和女教师数,8,,urn:ddi:ZJJCKSTAT:5f90efe2-acfa-46d4-8b59-8c5dfa923592:1,K-1-23-10,6758e71f5a413afce8695900,2024-12-11,fd04ebc7d8494ffe84d5ebd64adea6a5,教育,,,,,,,
2024-12-30,K-1-23-09,教育,urn:ddi:ZJJCKSTAT:4b97f0a9-a036-479c-81ea-520e83b1ff07:1,20230000,浙江省幼儿园基本情况,8,,urn:ddi:ZJJCKSTAT:a1f10c6a-5fc8-41fc-b489-21ad4eb53122:1,K-1-23-09,6758e5e05a413afce86958fd,2024-12-11,f11430a4f0884e2bbd9c669856a51307,教育,,,,,,,
2024-12-30,K-1-23-05,教育,urn:ddi:ZJJCKSTAT:4b97f0a9-a036-479c-81ea-520e83b1ff07:1,20230000,浙江省技工学校基本情况,8,1,urn:ddi:ZJJCKSTAT:97b625ee-3286-4ea2-ad03-84ca779055c5:1,K-1-23-05,6755e8815a413afce86958b3,2024-12-09,ca79e9b5f2554468b68bbbfee2db69a8,教育,,,,,,,
2024-12-30,K-1-23-13,教育,urn:ddi:ZJJCKSTAT:4b97f0a9-a036-479c-81ea-520e83b1ff07:1,20230000,浙江省各级学校教师负担学生数,8,2,urn:ddi:10000681:d6ba27ff-ef04-48e3-a2b3-01e6c5c1b84b:1,K-1-23-13,6755e6185a413afce86958b0,2024-12-09,c583e1aa8e5b410dba24aa9fd1c2bf2f,教育,,,,,,,
2024-12-30,K-1-23-03,教育,urn:ddi:ZJJCKSTAT:4b97f0a9-a036-479c-81ea-520e83b1ff07:1,20230000,浙江省中等职业学校基本情况,8,1,urn:ddi:ZJJCKSTAT:016a93da-abbc-473b-af4e-2df381b5534a:1,K-1-23-03,6755e5ee5a413afce86958af,2024-12-09,b7fc243ed750449ca46f7a8a33656269,教育,,,,,,,
2024-12-30,K-1-23-08,教育,urn:ddi:ZJJCKSTAT:4b97f0a9-a036-479c-81ea-520e83b1ff07:1,20230000,浙江省小学基本情况,8,,urn:ddi:ZJJCKSTAT:aed31be3-b753-4910-a25b-81ac6c486b71:1,K-1-23-08,6755e5b15a413afce86958ae,2024-12-09,a350d47acc6c4fd5a243cf01f0c5fc7f,教育,,,,,,,
2024-12-30,K-1-23-02,教育,urn:ddi:ZJJCKSTAT:4b97f0a9-a036-479c-81ea-520e83b1ff07:1,20230000,浙江省普通高等教育学校分类情况,8,10,urn:ddi:ZJJCKSTAT:a8777b49-7956-463b-9695-c600d54c60cf:1,K-1-23-02,6755e44a5a413afce86958ad,2024-12-09,656373ed14f4462789a9b882b2f9e6b4,教育,,,,,,,
2023-02-06,W-1-19-27,传省政府（内）,urn:ddi:ZJJCKSTAT:3142b874-2934-4f19-9d7a-019df9a111a8:1,20220000,浙江所属县（市/区）农村居民收入,8,2382,urn:ddi:10000681:c132950e-5ebf-4e62-b79a-2eb275ba7234:1,W-1-19-27,63d850f05a413a775ff59d37,2023-01-31,e35bb89bebed4a25ad027cd4fa58e889,数字化转型,,,,,,,
2023-05-18,Q-1-13-03,省局,urn:ddi:ZJJCKSTAT:8fa1a1a4-5c3d-438d-9a64-eb6442e47ca8:1,20210000,浙江省数字经济发展主要指标,8,1038,urn:ddi:10000681:efc9ed8d-6271-452e-b46e-5b066aa9f7b7:1,Q-1-13-03,645d3bc85a413a3c0306c863,2023-05-12,21a2f08fc2554782aec55a72bba4ecdc,数字化转型,,,,,,,
2022-10-14,R-1-03-50,省局,urn:ddi:ZJJCKSTAT:8fa1a1a4-5c3d-438d-9a64-eb6442e47ca8:1,20210000,全省及各市规上就业人员工资总额,8,138,urn:ddi:10000681:7afcce78-cf45-4cbe-9539-29efce2dc7c0:1,R-1-03-50,63277110df5f6677ceb5c79e,2022-09-19,23cfd420e22d4f43b2de51d8a12da63b,数字化转型,,,,,,,
2025-03-21,K-1-25-19,文化体育卫生,urn:ddi:ZJJCKSTAT:d84c4d81-7ec5-479b-b857-603dcf3ef0fe:1,20230000,浙江省城市和农村前十位疾病死亡原因和构成,8,44,urn:ddi:10000681:93da426a-33aa-4e1f-ba1d-0b2d06720b05:1,K-1-25-19,67dcd746df5f66658a885b48,2025-03-21,5a1a20979aaa47b8bf6924bafaeec211,文化体育卫生,,,,,,,
2024-12-31,K-1-25-24,文化体育卫生,urn:ddi:ZJJCKSTAT:d84c4d81-7ec5-479b-b857-603dcf3ef0fe:1,20230000,浙江省档案馆档案资料馆藏和利用情况,8,237,urn:ddi:10000681:9a54b693-cf32-4adb-b7cc-d5788ea29217:1,K-1-25-24,6772dbb05a413afce869b64a,2024-12-31,f3f864922f0046c89afcfcd028cb8209,文化体育卫生,,,,,,,
2024-12-31,K-1-25-23,文化体育卫生,urn:ddi:ZJJCKSTAT:d84c4d81-7ec5-479b-b857-603dcf3ef0fe:1,20230000,浙江省档案事业机构和人员数,8,207,urn:ddi:ZJJCKSTAT:eec2914f-7cb0-4a02-abdc-c3f71a9fce47:1,K-1-25-23,6772da3d5a413afce869b631,2024-12-31,87a7721587f341349dfc4ef0ecb4dbec,文化体育卫生,,,,,,,
2024-12-31,K-1-25-14,文化体育卫生,urn:ddi:ZJJCKSTAT:d84c4d81-7ec5-479b-b857-603dcf3ef0fe:1,20230000,浙江省运动员分项获奖情况,8,,urn:ddi:ZJJCKSTAT:0514ee16-5ad4-4567-bb1c-5921a44d642f:1,K-1-25-14,6758e02c5a413afce86958f7,2024-12-11,c200757e568c400d8c68584e24016679,文化体育卫生,,,,,,,
2024-12-31,K-1-25-07,文化体育卫生,urn:ddi:ZJJCKSTAT:d84c4d81-7ec5-479b-b857-603dcf3ef0fe:1,20230000,浙江省公共图书馆基本情况,8,,urn:ddi:10000681:1d96bdd3-30f5-4241-a44f-06c6deb50fd1:1,K-1-25-07,674d7c16df5f66e70b5ea773,2024-12-02,4b5ad716a9f04356bb87d143b677c1c2,文化体育卫生,,,,,,,
2024-12-31,K-1-25-15,文化体育卫生,urn:ddi:ZJJCKSTAT:d84c4d81-7ec5-479b-b857-603dcf3ef0fe:1,20230000,浙江省群众体育活动和场地情况,8,,urn:ddi:10000681:d2c79bbf-ad90-48a6-8c44-ec90a0b0ec2e:1,K-1-25-15,674d7bc6df5f66e70b5ea772,2024-12-02,4a4ab18c9f864b69a45997cbaf3a8fa0,文化体育卫生,,,,,,,
2024-12-31,K-1-25-09,文化体育卫生,urn:ddi:ZJJCKSTAT:d84c4d81-7ec5-479b-b857-603dcf3ef0fe:1,20230000,浙江省图书出版数量,8,,urn:ddi:ZJJCKSTAT:49275e96-61b9-415b-a59e-892bed4024be:1,K-1-25-09,674d7b7bdf5f66e70b5ea771,2024-12-02,675d755eb90e4211ac25b0e1c6a1ed07,文化体育卫生,,,,,,,
2024-12-31,K-1-25-03,文化体育卫生,urn:ddi:ZJJCKSTAT:d84c4d81-7ec5-479b-b857-603dcf3ef0fe:1,20230000,浙江省电影放映情况,8,,urn:ddi:ZJJCKSTAT:30a4ef0b-75b2-4675-aaed-cd84b36da4f6:1,K-1-25-03,674d7b43df5f66e70b5ea770,2024-12-02,69896029603c4e8fa60e0fb822cb86dc,文化体育卫生,,,,,,,
2024-12-31,K-1-25-16,文化体育卫生,urn:ddi:ZJJCKSTAT:d84c4d81-7ec5-479b-b857-603dcf3ef0fe:1,20230000,浙江省卫生事业情况,8,46,urn:ddi:ZJJCKSTAT:96f2ce02-3964-44bd-892e-b60887ab084e:1,K-1-25-16,674d7b10df5f66e70b5ea76f,2024-12-02,bc48bc4dd6074be0a5ecc9dc770e66fa,文化体育卫生,,,,,,,
2024-12-31,K-1-25-04,文化体育卫生,urn:ddi:ZJJCKSTAT:d84c4d81-7ec5-479b-b857-603dcf3ef0fe:1,20230000,浙江省群众艺术馆、文化馆(站)业务活动和经费情况,8,,urn:ddi:10000681:a0e7d3cd-9aff-443c-80b0-ce4dc737cec1:1,K-1-25-04,674d7abddf5f66e70b5ea76e,2024-12-02,bc6d2450cdcd4bfeb7aec2c9829a952c,文化体育卫生,,,,,,,
2025-03-20,E-1-22-02,对外经济贸易和旅游综合统计报表制度,urn:ddi:ZJJCKSTAT:3fed5a5b-84d2-4571-bb5f-a911493d3bf6:1,20230000,浙江省国际旅游发展情况,8,,urn:ddi:10000681:6e195675-362b-483b-92c0-4bb18585e05e:1,E-1-22-02,67dbba6bdf5f66658a885981,2025-03-20,8c590b3886b74c8c90a0d131bdfd320c,旅游,,,,,,,
2024-12-30,E-1-22-01,对外经济贸易和旅游综合统计报表制度,urn:ddi:ZJJCKSTAT:3fed5a5b-84d2-4571-bb5f-a911493d3bf6:1,20230000,浙江省旅游业发展情况,8,275,urn:ddi:10000681:31278cc7-677e-474f-b0c7-82941877d5b3:1,E-1-22-01,676a063f5a413afce869723b,2024-12-24,d568638eca494a5f839b5646cab004b7,旅游,,,,,,,
2024-12-30,E-1-22-04,对外经济贸易和旅游综合统计报表制度,urn:ddi:ZJJCKSTAT:3fed5a5b-84d2-4571-bb5f-a911493d3bf6:1,20230000,浙江省接待入境旅游者人数,8,,urn:ddi:10000681:7282ba52-9d4a-4145-a604-2e05bc37f75a:1,E-1-22-04,676a06335a413afce869723a,2024-12-24,f0791383de3b45a1adbc4a52ed0f6613,旅游,,,,,,,
2025-04-29,E-1-22-02,对外经济贸易和旅游综合统计报表制度,urn:ddi:ZJJCKSTAT:3fed5a5b-84d2-4571-bb5f-a911493d3bf6:1,20220000,浙江省国际旅游发展情况,8,,urn:ddi:10000681:6e195675-362b-483b-92c0-4bb18585e05e:1,E-1-22-02,68103fbbdf5f66d795879837,2025-04-29,06f8d13a69784d33b6f9735e99203cb6,旅游,,,,,,,
2023-11-23,E-1-22-07,对外经济贸易和旅游综合统计报表制度,urn:ddi:ZJJCKSTAT:3fed5a5b-84d2-4571-bb5f-a911493d3bf6:1,20220000,浙江省分地区接待入境旅游人数,8,324,urn:ddi:ZJJCKSTAT:75b46d19-6891-488d-a726-428201a7e521:1,E-1-22-07,655e43d5df5f66038610d850,2023-11-23,a1d613a9361e44f38c506b753f834a2c,旅游,,,,,,,
2023-11-23,E-1-22-04,对外经济贸易和旅游综合统计报表制度,urn:ddi:ZJJCKSTAT:3fed5a5b-84d2-4571-bb5f-a911493d3bf6:1,20220000,浙江省按国别分入境外国游客人数,8,80,urn:ddi:ZJJCKSTAT:882fd13e-caad-411a-80ab-6b8f3ef8c46c:1,E-1-22-04,655e42eddf5f66038610d84a,2023-11-23,3dc3a5a48f724ec69c44860e57164dac,旅游,,,,,,,
2023-11-23,E-1-22-01,对外经济贸易和旅游综合统计报表制度,urn:ddi:ZJJCKSTAT:3fed5a5b-84d2-4571-bb5f-a911493d3bf6:1,20220000,浙江省旅游业发展情况,8,480,urn:ddi:10000681:31278cc7-677e-474f-b0c7-82941877d5b3:1,E-1-22-01,655e40b9df5f66038610d843,2023-11-23,83051917e2544f909ef0eb6243cbd954,旅游,,,,,,,
2025-04-29,E-1-22-02,对外经济贸易和旅游综合统计报表制度,urn:ddi:ZJJCKSTAT:3fed5a5b-84d2-4571-bb5f-a911493d3bf6:1,20210000,浙江省国际旅游发展情况,8,,urn:ddi:10000681:6e195675-362b-483b-92c0-4bb18585e05e:1,E-1-22-02,68103fafdf5f66d795879836,2025-04-29,8578b39ce584453984ac9f45c54d94a5,旅游,,,,,,,
2024-04-22,E-1-22-01,对外经济贸易和旅游综合统计报表制度,urn:ddi:ZJJCKSTAT:3fed5a5b-84d2-4571-bb5f-a911493d3bf6:1,20210000,浙江省旅游业发展情况,8,,urn:ddi:ZJJCKSTAT:5dda718e-6714-4512-b7bd-0a6c4dfe79a4:1,E-1-22-01,662592e9df5f66bcc417915b,2024-04-22,7bb8be929dfd46b983b14b35c1b3777b,旅游,,,,,,,
2022-10-14,E-1-22-05,对外经济贸易和旅游综合统计报表制度,urn:ddi:ZJJCKSTAT:3fed5a5b-84d2-4571-bb5f-a911493d3bf6:1,20210000,浙江省分地区国际旅游(外汇)收入,8,322,urn:ddi:ZJJCKSTAT:46d8da52-65b6-4a22-b2ab-68ff2f9deb5b:1,E-1-22-05,63485cee5a413a40e2e4ac77,2022-10-14,3461c92e4599476c87cc712eb65d2c86,旅游,,,,,,,
2025-03-21,F-1-04-02,,,20230000,浙江省按行业分的个体工商登记注册情况,8,,urn:ddi:10000681:632b4977-b1c5-4b4b-a2a5-9938a8b19c9d:1,,67dd0998df5f66658a885b86,2025-03-21,2ccb7aa66a6d4307a2627beba4181ee9,服务业,,,,,,F-1-04-02,
2025-03-19,F-1-04-03,,,20230000,浙江省按行业分的私营企业登记注册情况,8,30,urn:ddi:10000681:93cfbf4d-c23a-4741-8c22-a1e0e2298b1e:1,,67d9e9a85a413aac4225cf5c,2025-03-19,4d6cdf513d554bea8b6f3679bb1762d9,服务业,,,,,,,F-1-04-03
2025-03-07,F-1-04-01,限额以上服务业统计报表制度,urn:ddi:ZJJCKSTAT:26e7a96f-0076-42cb-8b3d-d85399697c31:1,20220000,浙江省规模以上服务业企业主要经济指标,8,21,urn:ddi:10000681:accda464-ee85-4c73-b408-046254bad68a:1,F-1-04-01,67ca45735a413aac4225c602,2025-03-07,8557e7f7c4934a2090215b12415502e9,服务业,,,,,,,
2024-12-30,K-1-06-04,环境保护,urn:ddi:ZJJCKSTAT:b64b167b-da59-4b99-807d-ccfbb824ad5e:1,20230000,浙江省工业固体废物排放及处理利用情况,8,,urn:ddi:10000887:9a52af7b-b9bb-4929-9260-e173cf19b690:1,K-1-06-04,676b166a5a413afce86974c4,2024-12-25,8bfbaff2cc684ec2b74ef4bad5b8da87,环境保护,,,,,,,
2024-12-30,K-1-06-03,环境保护,urn:ddi:ZJJCKSTAT:b64b167b-da59-4b99-807d-ccfbb824ad5e:1,20230000,浙江省工业废气排放及处理利用情况,8,5,urn:ddi:ZJJCKSTAT:4fd9ebef-e17f-4c75-a320-0837446c228f:1,K-1-06-03,676b16395a413afce86974bd,2024-12-25,86b14eabae6647c4880939a0e8ec29b9,环境保护,,,,,,,
2024-12-30,K-1-06-02,环境保护,urn:ddi:ZJJCKSTAT:b64b167b-da59-4b99-807d-ccfbb824ad5e:1,20230000,浙江省废水排放及处理利用情况,8,,urn:ddi:ZJJCKSTAT:5253166a-5a74-4407-b0d0-459448d2d7b1:1,K-1-06-02,676b161d5a413afce86974bc,2024-12-25,88422b8a86dd4cc7b1a49dc1c4fac172,环境保护,,,,,,,
2023-11-23,K-1-06-04,环境保护,urn:ddi:ZJJCKSTAT:b64b167b-da59-4b99-807d-ccfbb824ad5e:1,20220000,浙江省工业固体废物排放及处理利用情况,8,90,urn:ddi:ZJJCKSTAT:84c2497e-2af3-41b0-80b8-fd2053680a57:1,K-1-06-04,655e39d6df5f66038610d82d,2023-11-23,3b124fe30b2944d490ad2e000a50c3ff,环境保护,,,,,,,
2023-11-23,K-1-06-02,环境保护,urn:ddi:ZJJCKSTAT:b64b167b-da59-4b99-807d-ccfbb824ad5e:1,20220000,浙江省废水排放及处理利用情况,8,70,urn:ddi:ZJJCKSTAT:5253166a-5a74-4407-b0d0-459448d2d7b1:1,K-1-06-02,655e38bcdf5f66038610d829,2023-11-23,d527840bef0b45c4b86497e73b566846,环境保护,,,,,,,
2023-11-22,K-1-06-03,环境保护,urn:ddi:ZJJCKSTAT:b64b167b-da59-4b99-807d-ccfbb824ad5e:1,20220000,浙江省工业废气排放及处理利用情况,8,65,urn:ddi:ZJJCKSTAT:4fd9ebef-e17f-4c75-a320-0837446c228f:1,K-1-06-03,65244607df5f665011d97cfa,2023-10-10,94e82b09be4446a7b18dc6b6781fae1b,环境保护,,,,,,,
2022-10-14,K-1-06-04,环境保护,urn:ddi:ZJJCKSTAT:b64b167b-da59-4b99-807d-ccfbb824ad5e:1,20210000,浙江省工业固体废物排放及处理利用情况,8,78,urn:ddi:ZJJCKSTAT:84c2497e-2af3-41b0-80b8-fd2053680a57:1,K-1-06-04,632a02b65a413a35084381f1,2022-09-21,97280ac274c84a3c8cf9d4f3e422c5b2,环境保护,,,,,,,
2022-10-14,K-1-06-02,环境保护,urn:ddi:ZJJCKSTAT:b64b167b-da59-4b99-807d-ccfbb824ad5e:1,20210000,浙江省废水排放及处理利用情况,8,94,urn:ddi:ZJJCKSTAT:5253166a-5a74-4407-b0d0-459448d2d7b1:1,K-1-06-02,632a008b5a413a35084381ed,2022-09-21,ac031745d47c471bbd88dcad02bdb484,环境保护,,,,,,,
2022-10-14,K-1-06-03,环境保护,urn:ddi:ZJJCKSTAT:b64b167b-da59-4b99-807d-ccfbb824ad5e:1,20210000,浙江省工业废气排放及处理利用情况,8,55,urn:ddi:ZJJCKSTAT:4fd9ebef-e17f-4c75-a320-0837446c228f:1,K-1-06-03,6329ffb05a413a35084381e9,2022-09-21,ad323bedcff54c49a182b10f56767e3f,环境保护,,,,,,,
2022-09-21,K-1-06-04,环境保护,urn:ddi:ZJJCKSTAT:b64b167b-da59-4b99-807d-ccfbb824ad5e:1,20200000,浙江省工业固体废物排放及处理利用情况,8,41,urn:ddi:ZJJCKSTAT:84c2497e-2af3-41b0-80b8-fd2053680a57:1,K-1-06-04,632a02a05a413a35084381f0,2022-09-21,f7fbc37b53f744439647adb94819854c,环境保护,,,,,,,
2025-03-21,L-1-24-37,科技综合统计报表制度,urn:ddi:ZJJCKSTAT:ea6fee47-3ded-43b2-9a7f-dff07d81acde:1,20230000,浙江省科协系统省级学会情况,8,42,urn:ddi:10000681:3ff69d8e-a7ba-4b7a-97f3-1f59e72fb6e1:1,L-1-24-37,67dd24cfdf5f66658a885cb8,2025-03-21,efd8b3c44d8d4c05b917d9408e6637ba,科技,,,,,,,
2025-03-21,L-1-24-35,科技综合统计报表制度,urn:ddi:ZJJCKSTAT:ea6fee47-3ded-43b2-9a7f-dff07d81acde:1,20230000,浙江省科协系统科技活动情况,8,52,urn:ddi:10000681:fdb915cf-ab5a-471a-8508-649032c3d76a:1,L-1-24-35,67dd237edf5f66658a885c7a,2025-03-21,0fda980b997d4196a6d72fff3ae18490,科技,,,,,,,
2025-03-21,L-1-24-13,科技综合统计报表制度,urn:ddi:ZJJCKSTAT:ea6fee47-3ded-43b2-9a7f-dff07d81acde:1,20230000,浙江省历年县级以上政府部门属研究与开发机构课题情况,8,41,urn:ddi:10000681:8ebdca46-87f0-4195-bb2f-9e491afbd349:1,L-1-24-13,67dd22c1df5f66658a885c6e,2025-03-21,65fc4eb9a400433a8739511dbf9e1c27,科技,,,,,,,
2025-03-21,L-1-24-16,科技综合统计报表制度,urn:ddi:ZJJCKSTAT:ea6fee47-3ded-43b2-9a7f-dff07d81acde:1,20230000,浙江省高等学校自然科学领域研究与发展课题情况,8,29,urn:ddi:10000681:269faa62-0c41-4ca2-9bd3-affbe37c5298:1,L-1-24-16,67dd21d8df5f66658a885c53,2025-03-21,dfd6a77220df4038bb29023b90e59719,科技,,,,,,,
2025-03-21,L-1-24-17,科技综合统计报表制度,urn:ddi:ZJJCKSTAT:ea6fee47-3ded-43b2-9a7f-dff07d81acde:1,20230000,浙江省高等学校自然科学领域研究与发展机构科技著作,8,37,urn:ddi:10000681:9558f14b-24f8-4a8b-acfd-bdcdc047f18e:1,L-1-24-17,67dd210cdf5f66658a885c48,2025-03-21,395ca398323848a790ef57f98e560730,科技,,,,,,,
2025-03-21,L-1-24-11,科技综合统计报表制度,urn:ddi:ZJJCKSTAT:ea6fee47-3ded-43b2-9a7f-dff07d81acde:1,20230000,浙江省县级以上政府部门属研究与开发机构课题情况,8,,urn:ddi:10000681:bce1072c-24f7-4a27-ad1b-994f2344441f:1,L-1-24-11,67dd2062df5f66658a885c3f,2025-03-21,dd65e1931e434f26a1d0a2ccdae167b7,科技,,,,,,,
2025-03-21,L-1-24-12,科技综合统计报表制度,urn:ddi:ZJJCKSTAT:ea6fee47-3ded-43b2-9a7f-dff07d81acde:1,20230000,浙江省县级以上政府部门属研究与机构科学论文与科技著作,8,,urn:ddi:10000681:c989db64-b6db-4a4f-8cd1-f3de54714a63:1,L-1-24-12,67dd1e07df5f66658a885c06,2025-03-21,73f1483c941744448aaadb912cb0b9fa,科技,,,,,,,
2025-03-21,L-1-24-15,科技综合统计报表制度,urn:ddi:ZJJCKSTAT:ea6fee47-3ded-43b2-9a7f-dff07d81acde:1,20230000,浙江省历年高等学校自然科学领域研究与发展课题情况,8,,urn:ddi:10000681:f2b3e09d-5ba3-4370-a746-24b94313c838:1,L-1-24-15,67dd1d88df5f66658a885bfc,2025-03-21,712f0b9862304ceba36f521ed3425f72,科技,,,,,,,
2025-03-21,L-1-24-14,科技综合统计报表制度,urn:ddi:ZJJCKSTAT:ea6fee47-3ded-43b2-9a7f-dff07d81acde:1,20230000,浙江省县级以上政府部门属研究与开发机构情况,8,,urn:ddi:10000681:4f628e9b-f3c3-4a21-9978-61d0cea9995b:1,L-1-24-14,67dd1a0adf5f66658a885bc4,2025-03-21,939dcda497dc4e2db5d829545e95946f,科技,,,,,,,
2025-03-21,L-1-24-38,科技综合统计报表制度,urn:ddi:ZJJCKSTAT:ea6fee47-3ded-43b2-9a7f-dff07d81acde:1,20230000,浙江省按行业分的事业单位专业技术人员,8,,urn:ddi:10000681:6f10a134-6a90-4d38-8231-a946bb41df4f:1,L-1-24-38,67dd0a86df5f66658a885b91,2025-03-21,2d1b6c3352754887bba2694662bbadae,科技,,,,,,,
2025-03-21,P-1-16-08,能源统计报表制度,urn:ddi:ZJJCKSTAT:67d9cfe8-2dea-4f3a-9fb8-a229d779768e:1,20230000,浙江省规模以上工业企业能源购进、消费及库存,8,167,urn:ddi:10000681:506d58de-e408-4ff6-8f1e-47f77a2a8b58:1,P-1-16-08,67dd2530df5f66658a885cbf,2025-03-21,dfc51b4f30ae4ca1bf2a66fec8394388,能源,,,,,,,
2025-03-21,P-1-16-09,能源统计报表制度,urn:ddi:ZJJCKSTAT:67d9cfe8-2dea-4f3a-9fb8-a229d779768e:1,20230000,浙江省能源生产弹性系数,8,5,urn:ddi:10000681:328354b5-3517-4f2b-bb68-f96c1d346330:1,P-1-16-09,67dd1ceddf5f66658a885bee,2025-03-21,f4cb034a8d034259a7564f61f76872d8,能源,,,,,,,
2025-04-27,P-1-16-10,能源统计报表制度,urn:ddi:ZJJCKSTAT:67d9cfe8-2dea-4f3a-9fb8-a229d779768e:1,20230000,浙江省全社会用电情况,8,64,urn:ddi:10000681:226cd26d-9112-426c-8fbb-d9397eb263ae:1,P-1-16-10,67c90062df5f66658a885737,2025-03-06,733bf4ae10d249f2a349ef05f0680eb7,能源,,,,,,,
2025-04-27,P-1-16-09,能源统计报表制度,urn:ddi:ZJJCKSTAT:67d9cfe8-2dea-4f3a-9fb8-a229d779768e:1,20220000,浙江省能源生产弹性系数,8,3,urn:ddi:10000681:328354b5-3517-4f2b-bb68-f96c1d346330:1,P-1-16-09,680d59735a413ad2b501f7df,2025-04-27,92cee356910541eb8c67fa5c095a149a,能源,,,,,,,
2025-03-24,P-1-16-01,能源统计报表制度,urn:ddi:ZJJCKSTAT:67d9cfe8-2dea-4f3a-9fb8-a229d779768e:1,20220000,浙江省能源消费弹性系数,8,4,urn:ddi:10000681:c6df7a5f-9f88-4ee9-92f3-94adecfe512f:1,P-1-16-01,67e08a605a413aac4225d238,2025-03-24,13146e1d429446b39770595e87479a24,能源,,,,,,,
2025-04-27,P-1-16-10,能源统计报表制度,urn:ddi:ZJJCKSTAT:67d9cfe8-2dea-4f3a-9fb8-a229d779768e:1,20220000,浙江省全社会用电情况,8,13,urn:ddi:10000681:226cd26d-9112-426c-8fbb-d9397eb263ae:1,P-1-16-10,67c9014bdf5f66658a885738,2025-03-06,b215d80fe4a945118e870645f7ab0b82,能源,,,,,,,
2025-04-27,P-1-16-09,能源统计报表制度,urn:ddi:ZJJCKSTAT:67d9cfe8-2dea-4f3a-9fb8-a229d779768e:1,20210000,浙江省能源生产弹性系数,8,1,urn:ddi:10000681:328354b5-3517-4f2b-bb68-f96c1d346330:1,P-1-16-09,680d59765a413ad2b501f7e7,2025-04-27,d7cc4c5d0acb4d91a432506acad6b25d,能源,,,,,,,
2025-04-27,P-1-16-10,能源统计报表制度,urn:ddi:ZJJCKSTAT:67d9cfe8-2dea-4f3a-9fb8-a229d779768e:1,20210000,浙江省全社会用电情况,8,,urn:ddi:10000681:226cd26d-9112-426c-8fbb-d9397eb263ae:1,P-1-16-10,67c90159df5f66658a885739,2025-03-06,c638e942f50c49b6965379098d626914,能源,,,,,,,
2022-10-17,P-1-16-01,能源统计报表制度,urn:ddi:ZJJCKSTAT:67d9cfe8-2dea-4f3a-9fb8-a229d779768e:1,20210000,浙江省能源消费弹性系数,8,189,urn:ddi:ZJJCKSTAT:93251be2-c42e-46ce-9a90-729450c32a06:1,P-1-16-01,63227e405a413a4d06e98ca6,2022-09-15,9a2f0a3528f7441daf41e8c26e48f28f,能源,,,,,,,
2025-04-27,P-1-16-09,能源统计报表制度,urn:ddi:ZJJCKSTAT:67d9cfe8-2dea-4f3a-9fb8-a229d779768e:1,20200000,浙江省能源生产弹性系数,8,,urn:ddi:10000681:328354b5-3517-4f2b-bb68-f96c1d346330:1,P-1-16-09,680d59705a413ad2b501f7d3,2025-04-27,bff2f9e599d74ab6809ef390c043e46f,能源,,,,,,,
2024-12-30,K-1-01-06,行政区划和自然资源,urn:ddi:ZJJCKSTAT:4f9000db-739e-4197-b8cb-c48c27256b36:1,20230000,浙江省主要城市空气指标,8,,urn:ddi:10000887:75481299-9d98-49d9-959d-3ecd9a93193a:1,K-1-01-06,676b15bf5a413afce86974b2,2024-12-25,39cc653447b14ca9bb69c5b9c5d5b84c,行政区划和自然资源,,,,,,,
2024-12-30,K-1-01-05,行政区划和自然资源,urn:ddi:ZJJCKSTAT:4f9000db-739e-4197-b8cb-c48c27256b36:1,20230000,浙江省主要城市日照时数,8,,urn:ddi:10000681:f5f65e2f-bda3-4b5a-b2e4-de31a869656d:1,K-1-01-05,676b15165a413afce86974a1,2024-12-25,66f297c20b7b4557ab856056e4d5eacf,行政区划和自然资源,,,,,,,
2024-12-30,K-1-01-04,行政区划和自然资源,urn:ddi:ZJJCKSTAT:4f9000db-739e-4197-b8cb-c48c27256b36:1,20230000,浙江省主要城市降水量,8,,urn:ddi:10000681:b362d739-fae0-44ad-8e68-5154594115a1:1,K-1-01-04,676b15045a413afce86974a0,2024-12-25,1a886b7c707448aa8b103e1119ff3556,行政区划和自然资源,,,,,,,
2024-12-30,K-1-01-03,行政区划和自然资源,urn:ddi:ZJJCKSTAT:4f9000db-739e-4197-b8cb-c48c27256b36:1,20230000,浙江省主要城市平均气温,8,,urn:ddi:10000681:11429d82-781a-429b-90f7-63ab61c776ff:1,K-1-01-03,676b14f55a413afce869749f,2024-12-25,3ac68a37cff046739c87cc83eee42eb3,行政区划和自然资源,,,,,,,
2024-12-30,K-1-01-02,行政区划和自然资源,urn:ddi:ZJJCKSTAT:4f9000db-739e-4197-b8cb-c48c27256b36:1,20230000,浙江省分地区水资源总量,8,,urn:ddi:ZJJCKSTAT:7784b4f6-6d57-4906-b419-b71e6a53cbda:1,K-1-01-02,676b14d35a413afce869749d,2024-12-25,2d7ea84e0ebe4d1fa44fb798128b59a0,行政区划和自然资源,,,,,,,
2024-12-30,K-1-01-01,行政区划和自然资源,urn:ddi:ZJJCKSTAT:4f9000db-739e-4197-b8cb-c48c27256b36:1,20230000,浙江省自然资源,8,,urn:ddi:10000681:98750b40-8a05-46f7-9279-82f58a770a9b:1,K-1-01-01,676b14c35a413afce869749c,2024-12-25,5e87fe40bb0c49708909e56c67260c52,行政区划和自然资源,,,,,,,
2025-05-13,K-1-01-02,行政区划和自然资源,urn:ddi:ZJJCKSTAT:4f9000db-739e-4197-b8cb-c48c27256b36:1,20220000,浙江省分地区水资源总量,8,,urn:ddi:ZJJCKSTAT:7784b4f6-6d57-4906-b419-b71e6a53cbda:1,K-1-01-02,682297355a413ad2b501f9c2,2025-05-13,b4a3008f604e48cc8cee0e04904fce8a,行政区划和自然资源,,,,,,,
2025-05-13,K-1-01-01,行政区划和自然资源,urn:ddi:ZJJCKSTAT:4f9000db-739e-4197-b8cb-c48c27256b36:1,20220000,浙江省自然资源,8,,urn:ddi:10000681:98750b40-8a05-46f7-9279-82f58a770a9b:1,K-1-01-01,682292665a413ad2b501f9bd,2025-05-13,c2a657131ea949b4b5511e50946e8b8b,行政区划和自然资源,,,,,,,
2025-04-24,K-1-01-05,行政区划和自然资源,urn:ddi:ZJJCKSTAT:4f9000db-739e-4197-b8cb-c48c27256b36:1,20220000,浙江省主要城市日照时数,8,,urn:ddi:10000681:f5f65e2f-bda3-4b5a-b2e4-de31a869656d:1,K-1-01-05,680997b7df5f66d7958796e6,2025-04-24,4b8ed48915dd4b3488d936fb930d0819,行政区划和自然资源,,,,,,,
2023-11-22,K-1-01-04,行政区划和自然资源,urn:ddi:ZJJCKSTAT:4f9000db-739e-4197-b8cb-c48c27256b36:1,20220000,浙江省主要城市降水量,8,84,urn:ddi:10000681:b362d739-fae0-44ad-8e68-5154594115a1:1,K-1-01-04,652445d8df5f665011d97cf9,2023-10-10,d0f3f593f22d44038ef978ab036ca39e,行政区划和自然资源,,,,,,,
2025-04-21,HG-01-04,宏观经济数据模块,urn:ddi:10000681:9050d186-81e3-415c-9fd1-dcaca0714a86:1,20230000,财政一般公共预算收入,8,898,urn:ddi:10000681:2d47af3b-d33c-47cc-ac55-d04fbf63626e:1,HG-01-04,680609a5df5f66d795879682,2025-04-21,a71abbd0d5694282a3ecd63681364d7d,财政,,,,,,,
2025-03-18,Q-1-09-02,国民经济账户制度,urn:ddi:ZJJCKSTAT:e4137973-c66e-4a6d-8de8-5e7a2157d170:1,20230000,浙江省地方一般预算收入和支出,8,122,urn:ddi:10000887:fc79b7e0-ac2b-4012-a404-cca3bab05986:1,Q-1-09-02,67d873605a413aac4225cc85,2025-03-18,ff2fa99148f04121852923839d9e2b8a,财政,,,,,,,
2025-03-07,Q-1-09-01,国民经济账户制度,urn:ddi:ZJJCKSTAT:e4137973-c66e-4a6d-8de8-5e7a2157d170:1,20230000,浙江省一般预算总收入和总支出,8,123,urn:ddi:10000681:29a977e1-61d0-4f35-8de7-6df124114e15:1,Q-1-09-01,67ca8c86df5f66658a885759,2025-03-07,353fe34799b34f4381dc7a4055c06444,财政,,,,,,,
2025-03-18,Q-1-09-02,国民经济账户制度,urn:ddi:ZJJCKSTAT:e4137973-c66e-4a6d-8de8-5e7a2157d170:1,20220000,浙江省地方一般预算收入和支出,8,11,urn:ddi:10000887:fc79b7e0-ac2b-4012-a404-cca3bab05986:1,Q-1-09-02,67d873a45a413aac4225cc86,2025-03-18,e8c9fb0ee27a46d3a7b47cfa6f80ecd9,财政,,,,,,,
2023-11-23,Q-1-09-03,国民经济账户制度,urn:ddi:ZJJCKSTAT:e4137973-c66e-4a6d-8de8-5e7a2157d170:1,20220000,浙江省财政收支总额及差额,8,1351,urn:ddi:ZJJCKSTAT:38c1eb09-76dd-4510-9492-8c2aa5457d37:1,Q-1-09-03,655e8e945a413a24615d780b,2023-11-23,114a75566f054a659b6bf868080e2615,财政,,,,,,,
2023-11-23,HG-01-04,宏观经济数据模块,urn:ddi:10000681:9050d186-81e3-415c-9fd1-dcaca0714a86:1,20220000,财政一般公共预算收入,8,190,urn:ddi:10000681:2d47af3b-d33c-47cc-ac55-d04fbf63626e:1,HG-01-04,655e7cd35a413a24615d77ec,2023-11-23,9475322934b741c1be395c2f0d04bb9b,财政,,,,,,,
2025-03-18,Q-1-09-02,国民经济账户制度,urn:ddi:ZJJCKSTAT:e4137973-c66e-4a6d-8de8-5e7a2157d170:1,20210000,浙江省地方一般预算收入和支出,8,5,urn:ddi:10000887:fc79b7e0-ac2b-4012-a404-cca3bab05986:1,Q-1-09-02,67d874bf5a413aac4225cc87,2025-03-18,29a6d4a532384077a1c72264878bcbbf,财政,,,,,,,
2022-10-17,HG-01-04,宏观经济数据模块,urn:ddi:10000681:9050d186-81e3-415c-9fd1-dcaca0714a86:1,20210000,财政一般公共预算收入,8,563,urn:ddi:10000681:2d47af3b-d33c-47cc-ac55-d04fbf63626e:1,HG-01-04,634c3549df5f666b0b137d85,2022-10-17,22da921f942c42d3a620e295e903e702,财政,,,,,,,
2022-10-14,Q-1-09-03,国民经济账户制度,urn:ddi:ZJJCKSTAT:e4137973-c66e-4a6d-8de8-5e7a2157d170:1,20210000,浙江省财政收支总额及差额,8,201,urn:ddi:ZJJCKSTAT:38c1eb09-76dd-4510-9492-8c2aa5457d37:1,Q-1-09-03,6329fe985a413a35084381e5,2022-09-21,cba1af717ba14391bebe28c27ef43020,财政,,,,,,,
2025-03-18,Q-1-09-02,国民经济账户制度,urn:ddi:ZJJCKSTAT:e4137973-c66e-4a6d-8de8-5e7a2157d170:1,20200000,浙江省地方一般预算收入和支出,8,,urn:ddi:10000887:fc79b7e0-ac2b-4012-a404-cca3bab05986:1,Q-1-09-02,67d874cd5a413aac4225cc88,2025-03-18,9ce5342666dc401f9457b39d7451033b,财政,,,,,,,
2025-03-21,Q-1-10-02,资金流量核算制度,urn:ddi:ZJJCKSTAT:bed53dcc-ec41-4b55-8505-7b8d10d5c2c8:1,20230000,浙江省保险公司主要业务经济技术指标,8,35,urn:ddi:10000887:32874a24-7c72-4e6d-ad1f-f494dde046da:1,Q-1-10-02,67dcce77df5f66658a885a4f,2025-03-21,5536412cb1b340faae428f965c5a4b14,金融,,,,,,,
2025-03-20,Q-1-10-03,资金流量核算制度,urn:ddi:ZJJCKSTAT:bed53dcc-ec41-4b55-8505-7b8d10d5c2c8:1,20230000,浙江省社会融资及证券交易,8,,urn:ddi:10000887:df249a2c-9582-4b1b-9eca-5461290023cf:1,Q-1-10-03,67dbb9d0df5f66658a88597c,2025-03-20,6f1f6d44b3b447999b3abc0762266b2c,金融,,,,,,,
2025-03-04,Q-1-13-119,资金流量核算制度,urn:ddi:ZJJCKSTAT:bed53dcc-ec41-4b55-8505-7b8d10d5c2c8:1,20230000,浙江省全市金融机构存贷款年末余额,8,98,urn:ddi:10000681:b681afeb-0e2e-42b2-bb48-c1a73a6a16a6:1,Q-1-13-119,67c624795a413aac4225c4dc,2025-03-04,312b93d376bb46e28d1dd8ccc3994da6,金融,,,,,,,
2024-12-30,Q-1-10-01,资金流量核算制度,urn:ddi:ZJJCKSTAT:bed53dcc-ec41-4b55-8505-7b8d10d5c2c8:1,20230000,浙江省金融机构人民币信贷收支表,8,22,urn:ddi:ZJJCKSTAT:af5dcd0c-839e-4e15-9121-8d6add289e74:1,Q-1-10-01,676b14735a413afce8697499,2024-12-25,66fd99f6f9e5437f83023aff0c3fd88d,金融,,,,,,,
2025-05-13,Q-1-10-02,资金流量核算制度,urn:ddi:ZJJCKSTAT:bed53dcc-ec41-4b55-8505-7b8d10d5c2c8:1,20220000,浙江省保险公司主要业务经济技术指标,8,,urn:ddi:10000887:32874a24-7c72-4e6d-ad1f-f494dde046da:1,Q-1-10-02,682290e55a413ad2b501f9bc,2025-05-13,d6f273549b474b55942a1358c7e6ea87,金融,,,,,,,
2025-05-07,Q-1-13-119,资金流量核算制度,urn:ddi:ZJJCKSTAT:bed53dcc-ec41-4b55-8505-7b8d10d5c2c8:1,20220000,浙江省全市金融机构存贷款年末余额,8,,urn:ddi:10000681:b681afeb-0e2e-42b2-bb48-c1a73a6a16a6:1,Q-1-13-119,681b0f12df5f66d79587995f,2025-05-07,feb59f9174dd46d49875b237cfa3bb3f,金融,,,,,,,
2025-05-13,Q-1-10-02,资金流量核算制度,urn:ddi:ZJJCKSTAT:bed53dcc-ec41-4b55-8505-7b8d10d5c2c8:1,20210000,浙江省保险公司主要业务经济技术指标,8,,urn:ddi:10000887:32874a24-7c72-4e6d-ad1f-f494dde046da:1,Q-1-10-02,682290d95a413ad2b501f9bb,2025-05-13,830905abff914b859b72bfe915cafb21,金融,,,,,,,
2025-05-07,Q-1-13-119,资金流量核算制度,urn:ddi:ZJJCKSTAT:bed53dcc-ec41-4b55-8505-7b8d10d5c2c8:1,20210000,浙江省全市金融机构存贷款年末余额,8,,urn:ddi:10000681:b681afeb-0e2e-42b2-bb48-c1a73a6a16a6:1,Q-1-13-119,681b0f1ddf5f66d795879960,2025-05-07,ba41dd1ec1ae4a09956818bcdeac98ac,金融,,,,,,,
2022-10-14,Q-1-10-01,资金流量核算制度,urn:ddi:ZJJCKSTAT:bed53dcc-ec41-4b55-8505-7b8d10d5c2c8:1,20210000,浙江省金融机构人民币信贷收支表,8,313,urn:ddi:ZJJCKSTAT:af5dcd0c-839e-4e15-9121-8d6add289e74:1,Q-1-10-01,6329f9bd5a413a35084381de,2022-09-21,a2d6ae4fbec74fd5968f65c2a1d85440,金融,,,,,,,
2025-05-13,Q-1-10-02,资金流量核算制度,urn:ddi:ZJJCKSTAT:bed53dcc-ec41-4b55-8505-7b8d10d5c2c8:1,20200000,浙江省保险公司主要业务经济技术指标,8,,urn:ddi:10000887:32874a24-7c72-4e6d-ad1f-f494dde046da:1,Q-1-10-02,682290ce5a413ad2b501f9ba,2025-05-13,316433336ea3426f91cca21df0d8c5d9,金融,,,,,,,
